brand,sale_month,model_name,fuel_name,sale_count
현대,2023.01,디 올 뉴 그랜저,가솔린,"4,492"
현대,2023.01,디 올 뉴 그랜저,LPG,915
현대,2023.01,디 올 뉴 그랜저,하이브리드,"3,711"
현대,2023.01,포터2,디젤,"6,578"
현대,2023.01,아반떼,가솔린,"4,999"
현대,2023.01,아반떼,LPG,242
현대,2023.01,아반떼,하이브리드,777
현대,2023.01,팰리세이드,가솔린,"2,571"
현대,2023.01,팰리세이드,디젤,"1,351"
현대,2023.01,투싼,가솔린,"1,673"
현대,2023.01,투싼,디젤,371
현대,2023.01,투싼,하이브리드,"1,592"
현대,2023.01,캐스퍼,가솔린,"3,070"
현대,2023.01,스타리아,디젤,"2,277"
현대,2023.01,스타리아,LPG,674
현대,2023.01,싼타페,가솔린,731
현대,2023.01,싼타페,디젤,332
현대,2023.01,싼타페,하이브리드,"1,061"
현대,2023.01,쏘나타,가솔린,852
현대,2023.01,쏘나타,LPG,337
현대,2023.01,쏘나타,하이브리드,354
현대,2023.01,버스/트럭 (현대),,
현대,2023.01,쏘나타 뉴 라이즈,LPG,996
현대,2023.01,베뉴,가솔린,646
현대,2023.01,디 올 뉴 코나,가솔린,620
현대,2023.01,넥쏘,,
현대,2023.01,마이티,,
현대,2023.01,코나,가솔린,47
현대,2023.01,코나,하이브리드,186
현대,2023.01,카운티,디젤,90
현대,2023.01,아반떼 N,가솔린,82
현대,2023.01,아이오닉 5,전기,76
현대,2023.01,쏠라티,디젤,68
현대,2023.01,아이오닉 6,전기,23
현대,2023.01,포터2 일렉트릭,전기,13
현대,2023.01,그랜저,가솔린,2
현대,2023.01,그랜저,LPG,9
현대,2023.01,그랜저,하이브리드,2
현대,2023.01,카운티 일렉트릭,전기,8
현대,2023.01,코나 N,가솔린,1
현대,2023.02,디 올 뉴 그랜저,가솔린,"4,185"
현대,2023.02,디 올 뉴 그랜저,LPG,"1,234"
현대,2023.02,디 올 뉴 그랜저,하이브리드,"4,396"
현대,2023.02,아반떼,가솔린,"5,257"
현대,2023.02,아반떼,LPG,173
현대,2023.02,아반떼,하이브리드,827
현대,2023.02,포터2,디젤,"6,227"
현대,2023.02,포터2 일렉트릭,전기,"4,872"
현대,2023.02,투싼,가솔린,"1,844"
현대,2023.02,투싼,디젤,111
현대,2023.02,투싼,하이브리드,"1,606"
현대,2023.02,팰리세이드,가솔린,"2,066"
현대,2023.02,팰리세이드,디젤,"1,473"
현대,2023.02,스타리아,디젤,"2,668"
현대,2023.02,스타리아,LPG,748
현대,2023.02,캐스퍼,가솔린,"3,164"
현대,2023.02,디 올 뉴 코나,가솔린,"3,127"
현대,2023.02,싼타페,가솔린,734
현대,2023.02,싼타페,디젤,506
현대,2023.02,싼타페,하이브리드,"1,536"
현대,2023.02,아이오닉 5,전기,"1,911"
현대,2023.02,아이오닉 6,전기,"1,632"
현대,2023.02,쏘나타,가솔린,615
현대,2023.02,쏘나타,LPG,227
현대,2023.02,쏘나타,하이브리드,386
현대,2023.02,쏘나타 뉴 라이즈,LPG,"1,012"
현대,2023.02,넥쏘,전기,884
현대,2023.02,버스/트럭 (현대),,
현대,2023.02,베뉴,가솔린,492
현대,2023.02,마이티,,
현대,2023.02,카운티,디젤,174
현대,2023.02,쏠라티,디젤,124
현대,2023.02,코나,가솔린,3
현대,2023.02,코나,하이브리드,95
현대,2023.02,아반떼 N,가솔린,79
현대,2023.02,카운티 일렉트릭,전기,3
현대,2023.02,그랜저,가솔린,1
현대,2023.02,그랜저,LPG,1
현대,2023.03,디 올 뉴 그랜저,가솔린,"4,511"
현대,2023.03,디 올 뉴 그랜저,LPG,"1,050"
현대,2023.03,디 올 뉴 그랜저,하이브리드,"5,355"
현대,2023.03,포터2,디젤,"7,422"
현대,2023.03,더 뉴 아반떼,가솔린,"5,361"
현대,2023.03,더 뉴 아반떼,LPG,105
현대,2023.03,더 뉴 아반떼,하이브리드,"1,070"
현대,2023.03,팰리세이드,가솔린,"3,722"
현대,2023.03,팰리세이드,디젤,"1,098"
현대,2023.03,디 올 뉴 코나,가솔린,"3,758"
현대,2023.03,디 올 뉴 코나,하이브리드,989
현대,2023.03,투싼,가솔린,"2,194"
현대,2023.03,투싼,디젤,260
현대,2023.03,투싼,하이브리드,"1,782"
현대,2023.03,스타리아,디젤,"2,979"
현대,2023.03,스타리아,LPG,"1,001"
현대,2023.03,캐스퍼,가솔린,"3,248"
현대,2023.03,싼타페,가솔린,767
현대,2023.03,싼타페,디젤,287
현대,2023.03,싼타페,하이브리드,"1,923"
현대,2023.03,포터2 일렉트릭,전기,"2,860"
현대,2023.03,아이오닉 6,전기,"2,200"
현대,2023.03,아이오닉 5,전기,"1,701"
현대,2023.03,버스/트럭 (현대),,
현대,2023.03,쏘나타 뉴 라이즈,LPG,"1,230"
현대,2023.03,쏘나타,가솔린,429
현대,2023.03,쏘나타,LPG,179
현대,2023.03,쏘나타,하이브리드,377
현대,2023.03,넥쏘,전기,694
현대,2023.03,마이티,,
현대,2023.03,베뉴,가솔린,526
현대,2023.03,카운티,디젤,165
현대,2023.03,쏠라티,디젤,124
현대,2023.03,아반떼 N,가솔린,83
현대,2023.03,코나,가솔린,2
현대,2023.03,코나,하이브리드,52
현대,2023.03,카운티 일렉트릭,전기,11
현대,2023.04,디 올 뉴 그랜저,가솔린,"4,161"
현대,2023.04,디 올 뉴 그랜저,LPG,657
현대,2023.04,디 올 뉴 그랜저,하이브리드,"5,179"
현대,2023.04,포터2,디젤,"6,183"
현대,2023.04,더 뉴 아반떼,가솔린,"4,960"
현대,2023.04,더 뉴 아반떼,LPG,163
현대,2023.04,더 뉴 아반떼,하이브리드,120
현대,2023.04,투싼,가솔린,"1,777"
현대,2023.04,투싼,디젤,632
현대,2023.04,투싼,하이브리드,"1,703"
현대,2023.04,팰리세이드,가솔린,"3,130"
현대,2023.04,팰리세이드,디젤,966
현대,2023.04,디 올 뉴 코나,가솔린,"2,370"
현대,2023.04,디 올 뉴 코나,하이브리드,"1,653"
현대,2023.04,캐스퍼,가솔린,"3,420"
현대,2023.04,스타리아,디젤,"2,581"
현대,2023.04,스타리아,LPG,826
현대,2023.04,포터2 일렉트릭,전기,"2,885"
현대,2023.04,싼타페,가솔린,787
현대,2023.04,싼타페,디젤,349
현대,2023.04,싼타페,하이브리드,"1,638"
현대,2023.04,아이오닉 5,전기,"2,123"
현대,2023.04,쏘나타 뉴 라이즈,LPG,"1,603"
현대,2023.04,아이오닉 6,전기,"1,316"
현대,2023.04,버스/트럭 (현대),,
현대,2023.04,쏘나타,가솔린,389
현대,2023.04,쏘나타,LPG,33
현대,2023.04,쏘나타,하이브리드,207
현대,2023.04,마이티,,
현대,2023.04,베뉴,가솔린,449
현대,2023.04,넥쏘,전기,327
현대,2023.04,카운티,디젤,150
현대,2023.04,쏠라티,디젤,79
현대,2023.04,아반떼 N,가솔린,35
현대,2023.04,코나,가솔린,1
현대,2023.04,코나,하이브리드,24
현대,2023.04,카운티 일렉트릭,전기,8
현대,2023.05,디 올 뉴 그랜저,가솔린,"4,110"
현대,2023.05,디 올 뉴 그랜저,LPG,574
현대,2023.05,디 올 뉴 그랜저,하이브리드,"6,897"
현대,2023.05,더 뉴 아반떼,가솔린,"4,957"
현대,2023.05,더 뉴 아반떼,LPG,234
현대,2023.05,더 뉴 아반떼,하이브리드,"1,365"
현대,2023.05,포터2,디젤,"5,576"
현대,2023.05,투싼,가솔린,"2,002"
현대,2023.05,투싼,디젤,542
현대,2023.05,투싼,하이브리드,"1,697"
현대,2023.05,캐스퍼,가솔린,"4,064"
현대,2023.05,스타리아,디젤,"2,627"
현대,2023.05,스타리아,LPG,940
현대,2023.05,팰리세이드,가솔린,"2,341"
현대,2023.05,팰리세이드,디젤,"1,212"
현대,2023.05,싼타페,가솔린,883
현대,2023.05,싼타페,디젤,427
현대,2023.05,싼타페,하이브리드,"1,247"
현대,2023.05,포터2 일렉트릭,전기,"2,485"
현대,2023.05,디 올 뉴 코나,가솔린,"1,474"
현대,2023.05,디 올 뉴 코나,하이브리드,974
현대,2023.05,아이오닉 5,전기,"2,396"
현대,2023.05,쏘나타 디 엣지,가솔린,"1,365"
현대,2023.05,쏘나타 디 엣지,LPG,67
현대,2023.05,쏘나타 디 엣지,하이브리드,297
현대,2023.05,버스/트럭 (현대),,
현대,2023.05,아이오닉 6,전기,"1,117"
현대,2023.05,쏘나타 뉴 라이즈,LPG,901
현대,2023.05,마이티,,
현대,2023.05,베뉴,가솔린,511
현대,2023.05,넥쏘,전기,410
현대,2023.05,카운티,디젤,156
현대,2023.05,쏠라티,디젤,71
현대,2023.05,디 올 뉴 코나 일렉트릭,전기,64
현대,2023.05,아반떼 N,가솔린,43
현대,2023.05,코나,하이브리드,10
현대,2023.05,카운티 일렉트릭,전기,6
현대,2023.06,디 올 뉴 그랜저,가솔린,"3,150"
현대,2023.06,디 올 뉴 그랜저,LPG,862
현대,2023.06,디 올 뉴 그랜저,하이브리드,"7,516"
현대,2023.06,포터2,디젤,"5,745"
현대,2023.06,더 뉴 아반떼,가솔린,"4,314"
현대,2023.06,더 뉴 아반떼,LPG,242
현대,2023.06,더 뉴 아반떼,하이브리드,742
현대,2023.06,투싼,가솔린,"2,314"
현대,2023.06,투싼,디젤,441
현대,2023.06,투싼,하이브리드,"1,686"
현대,2023.06,캐스퍼,가솔린,"3,900"
현대,2023.06,스타리아,디젤,"2,587"
현대,2023.06,스타리아,LPG,914
현대,2023.06,싼타페,가솔린,"1,000"
현대,2023.06,싼타페,디젤,323
현대,2023.06,싼타페,하이브리드,"2,030"
현대,2023.06,팰리세이드,가솔린,"1,818"
현대,2023.06,팰리세이드,디젤,"1,346"
현대,2023.06,쏘나타 디 엣지,가솔린,"1,677"
현대,2023.06,쏘나타 디 엣지,LPG,581
현대,2023.06,쏘나타 디 엣지,하이브리드,693
현대,2023.06,포터2 일렉트릭,전기,"2,505"
현대,2023.06,디 올 뉴 코나,가솔린,"1,529"
현대,2023.06,디 올 뉴 코나,하이브리드,941
현대,2023.06,버스/트럭 (현대),,
현대,2023.06,아이오닉 5,전기,"1,297"
현대,2023.06,쏘나타 뉴 라이즈,LPG,"1,162"
현대,2023.06,베뉴,가솔린,952
현대,2023.06,마이티,,
현대,2023.06,디 올 뉴 코나 일렉트릭,전기,664
현대,2023.06,아이오닉 6,전기,491
현대,2023.06,넥쏘,전기,305
현대,2023.06,카운티,디젤,190
현대,2023.06,쏠라티,디젤,98
현대,2023.06,코나,하이브리드,28
현대,2023.06,아반떼 N,가솔린,20
현대,2023.06,카운티 일렉트릭,전기,7
현대,2023.07,디 올 뉴 그랜저,가솔린,"2,565"
현대,2023.07,디 올 뉴 그랜저,LPG,844
현대,2023.07,디 올 뉴 그랜저,하이브리드,"5,122"
현대,2023.07,포터2,디젤,"5,410"
현대,2023.07,더 뉴 아반떼,가솔린,"3,351"
현대,2023.07,더 뉴 아반떼,LPG,183
현대,2023.07,더 뉴 아반떼,하이브리드,466
현대,2023.07,캐스퍼,가솔린,"3,706"
현대,2023.07,팰리세이드,가솔린,"1,815"
현대,2023.07,팰리세이드,디젤,"1,449"
현대,2023.07,포터2 일렉트릭,전기,"3,260"
현대,2023.07,스타리아,디젤,"2,363"
현대,2023.07,스타리아,LPG,879
현대,2023.07,투싼,가솔린,"1,263"
현대,2023.07,투싼,디젤,283
현대,2023.07,투싼,하이브리드,"1,644"
현대,2023.07,디 올 뉴 코나,가솔린,"1,564"
현대,2023.07,디 올 뉴 코나,하이브리드,836
현대,2023.07,쏘나타 디 엣지,가솔린,"1,135"
현대,2023.07,쏘나타 디 엣지,LPG,453
현대,2023.07,쏘나타 디 엣지,하이브리드,554
현대,2023.07,싼타페,가솔린,697
현대,2023.07,싼타페,디젤,266
현대,2023.07,싼타페,하이브리드,"1,112"
현대,2023.07,아이오닉 5,전기,"1,350"
현대,2023.07,버스/트럭 (현대),,
현대,2023.07,쏘나타 뉴 라이즈,LPG,673
현대,2023.07,마이티,,
현대,2023.07,베뉴,가솔린,546
현대,2023.07,아이오닉 6,전기,488
현대,2023.07,넥쏘,전기,371
현대,2023.07,디 올 뉴 코나 일렉트릭,전기,238
현대,2023.07,카운티,디젤,145
현대,2023.07,쏠라티,디젤,114
현대,2023.07,카운티 일렉트릭,전기,9
현대,2023.07,코나,하이브리드,6
현대,2023.07,더 뉴 아반떼 N,가솔린,2
현대,2023.08,디 올 뉴 그랜저,가솔린,"2,794"
현대,2023.08,디 올 뉴 그랜저,LPG,698
현대,2023.08,디 올 뉴 그랜저,하이브리드,"5,328"
현대,2023.08,포터2,디젤,"4,616"
현대,2023.08,더 뉴 아반떼,가솔린,"3,974"
현대,2023.08,더 뉴 아반떼,LPG,219
현대,2023.08,더 뉴 아반떼,하이브리드,402
현대,2023.08,캐스퍼,가솔린,"3,804"
현대,2023.08,팰리세이드,가솔린,"2,301"
현대,2023.08,팰리세이드,디젤,"1,451"
현대,2023.08,투싼,가솔린,"1,334"
현대,2023.08,투싼,디젤,325
현대,2023.08,투싼,하이브리드,"1,317"
현대,2023.08,스타리아,디젤,"1,901"
현대,2023.08,스타리아,LPG,"1,039"
현대,2023.08,쏘나타 디 엣지,가솔린,"1,424"
현대,2023.08,쏘나타 디 엣지,LPG,432
현대,2023.08,쏘나타 디 엣지,하이브리드,744
현대,2023.08,디 올 뉴 코나,가솔린,"1,187"
현대,2023.08,디 올 뉴 코나,하이브리드,"1,153"
현대,2023.08,싼타페,가솔린,691
현대,2023.08,싼타페,디젤,277
현대,2023.08,싼타페,하이브리드,"1,257"
현대,2023.08,포터2 일렉트릭,전기,"1,371"
현대,2023.08,버스/트럭 (현대),,
현대,2023.08,아이오닉 5,전기,"1,061"
현대,2023.08,베뉴,가솔린,904
현대,2023.08,마이티,,
현대,2023.08,디 올 뉴 싼타페,가솔린,550
현대,2023.08,쏘나타 뉴 라이즈,LPG,401
현대,2023.08,아이오닉 6,전기,400
현대,2023.08,디 올 뉴 코나 일렉트릭,전기,355
현대,2023.08,넥쏘,전기,293
현대,2023.08,더 뉴 아반떼 N,가솔린,163
현대,2023.08,카운티,디젤,144
현대,2023.08,쏠라티,디젤,118
현대,2023.08,카운티 일렉트릭,전기,17
현대,2023.09,디 올 뉴 그랜저,가솔린,"2,682"
현대,2023.09,디 올 뉴 그랜저,LPG,827
현대,2023.09,디 올 뉴 그랜저,하이브리드,"4,650"
현대,2023.09,포터2,디젤,"4,441"
현대,2023.09,디 올 뉴 싼타페,가솔린,"4,329"
현대,2023.09,더 뉴 아반떼,가솔린,"3,597"
현대,2023.09,더 뉴 아반떼,LPG,142
현대,2023.09,더 뉴 아반떼,하이브리드,407
현대,2023.09,캐스퍼,가솔린,"3,705"
현대,2023.09,투싼,가솔린,"1,614"
현대,2023.09,투싼,디젤,171
현대,2023.09,투싼,하이브리드,"1,341"
현대,2023.09,팰리세이드,가솔린,"1,588"
현대,2023.09,팰리세이드,디젤,"1,347"
현대,2023.09,스타리아,디젤,"1,404"
현대,2023.09,스타리아,LPG,"1,229"
현대,2023.09,쏘나타 디 엣지,가솔린,"1,458"
현대,2023.09,쏘나타 디 엣지,LPG,411
현대,2023.09,쏘나타 디 엣지,하이브리드,671
현대,2023.09,디 올 뉴 코나,가솔린,"1,237"
현대,2023.09,디 올 뉴 코나,하이브리드,"1,056"
현대,2023.09,포터2 일렉트릭,전기,"1,340"
현대,2023.09,버스/트럭 (현대),,
현대,2023.09,싼타페,가솔린,212
현대,2023.09,싼타페,디젤,51
현대,2023.09,싼타페,하이브리드,547
현대,2023.09,베뉴,가솔린,771
현대,2023.09,마이티,,
현대,2023.09,아이오닉 5,전기,612
현대,2023.09,쏘나타 뉴 라이즈,LPG,407
현대,2023.09,아이오닉 6,전기,344
현대,2023.09,넥쏘,전기,237
현대,2023.09,더 뉴 아반떼 N,가솔린,221
현대,2023.09,디 올 뉴 코나 일렉트릭,전기,208
현대,2023.09,카운티,디젤,158
현대,2023.09,쏠라티,디젤,102
현대,2023.09,아이오닉 5 N,전기,93
현대,2023.09,카운티 일렉트릭,전기,7
현대,2023.10,디 올 뉴 그랜저,가솔린,"3,078"
현대,2023.10,디 올 뉴 그랜저,LPG,835
현대,2023.10,디 올 뉴 그랜저,하이브리드,"4,279"
현대,2023.10,디 올 뉴 싼타페,가솔린,"3,277"
현대,2023.10,디 올 뉴 싼타페,하이브리드,"4,669"
현대,2023.10,포터2,디젤,"6,171"
현대,2023.10,더 뉴 아반떼,가솔린,"4,138"
현대,2023.10,더 뉴 아반떼,LPG,108
현대,2023.10,더 뉴 아반떼,하이브리드,640
현대,2023.10,쏘나타 디 엣지,가솔린,"2,922"
현대,2023.10,쏘나타 디 엣지,LPG,615
현대,2023.10,쏘나타 디 엣지,하이브리드,"1,009"
현대,2023.10,캐스퍼,가솔린,"3,648"
현대,2023.10,투싼,가솔린,"1,562"
현대,2023.10,투싼,디젤,360
현대,2023.10,투싼,하이브리드,"1,510"
현대,2023.10,스타리아,디젤,"2,075"
현대,2023.10,스타리아,LPG,"1,190"
현대,2023.10,팰리세이드,가솔린,"1,522"
현대,2023.10,팰리세이드,디젤,"1,303"
현대,2023.10,디 올 뉴 코나,가솔린,"1,326"
현대,2023.10,디 올 뉴 코나,하이브리드,"1,271"
현대,2023.10,포터2 일렉트릭,전기,"2,407"
현대,2023.10,버스/트럭 (현대),,
현대,2023.10,아이오닉 5,전기,"1,376"
현대,2023.10,베뉴,가솔린,"1,182"
현대,2023.10,마이티,,
현대,2023.10,아이오닉 6,전기,472
현대,2023.10,싼타페,가솔린,135
현대,2023.10,싼타페,디젤,26
현대,2023.10,싼타페,하이브리드,224
현대,2023.10,디 올 뉴 코나 일렉트릭,전기,337
현대,2023.10,쏘나타 뉴 라이즈,LPG,303
현대,2023.10,넥쏘,전기,189
현대,2023.10,카운티,디젤,163
현대,2023.10,더 뉴 아반떼 N,가솔린,131
현대,2023.10,아이오닉 5 N,전기,95
현대,2023.10,쏠라티,디젤,84
현대,2023.10,카운티 일렉트릭,전기,16
현대,2023.11,디 올 뉴 싼타페,가솔린,"1,708"
현대,2023.11,디 올 뉴 싼타페,하이브리드,"6,949"
현대,2023.11,디 올 뉴 그랜저,가솔린,"2,536"
현대,2023.11,디 올 뉴 그랜저,LPG,772
현대,2023.11,디 올 뉴 그랜저,하이브리드,"4,672"
현대,2023.11,포터2,디젤,"7,849"
현대,2023.11,더 뉴 아반떼,가솔린,"4,565"
현대,2023.11,더 뉴 아반떼,LPG,195
현대,2023.11,더 뉴 아반떼,하이브리드,953
현대,2023.11,캐스퍼,가솔린,"5,701"
현대,2023.11,쏘나타 디 엣지,가솔린,"2,740"
현대,2023.11,쏘나타 디 엣지,LPG,758
현대,2023.11,쏘나타 디 엣지,하이브리드,"1,076"
현대,2023.11,스타리아,디젤,"1,819"
현대,2023.11,스타리아,LPG,"1,523"
현대,2023.11,투싼,가솔린,"1,420"
현대,2023.11,투싼,디젤,407
현대,2023.11,투싼,하이브리드,"1,378"
현대,2023.11,팰리세이드,가솔린,"1,728"
현대,2023.11,팰리세이드,디젤,"1,429"
현대,2023.11,디 올 뉴 코나,가솔린,"1,323"
현대,2023.11,디 올 뉴 코나,하이브리드,"1,454"
현대,2023.11,아이오닉 5,전기,"1,669"
현대,2023.11,버스/트럭 (현대),,
현대,2023.11,포터2 일렉트릭,전기,"1,406"
현대,2023.11,베뉴,가솔린,776
현대,2023.11,마이티,,
현대,2023.11,아이오닉 6,전기,618
현대,2023.11,디 올 뉴 코나 일렉트릭,전기,432
현대,2023.11,쏘나타 뉴 라이즈,LPG,321
현대,2023.11,카운티,디젤,241
현대,2023.11,넥쏘,전기,232
현대,2023.11,싼타페,가솔린,66
현대,2023.11,싼타페,디젤,13
현대,2023.11,싼타페,하이브리드,44
현대,2023.11,쏠라티,디젤,119
현대,2023.11,더 뉴 아반떼 N,가솔린,115
현대,2023.11,아이오닉 5 N,전기,54
현대,2023.11,카운티 일렉트릭,전기,11
현대,2023.12,디 올 뉴 그랜저,가솔린,"2,907"
현대,2023.12,디 올 뉴 그랜저,LPG,703
현대,2023.12,디 올 뉴 그랜저,하이브리드,"4,800"
현대,2023.12,디 올 뉴 싼타페,가솔린,"2,011"
현대,2023.12,디 올 뉴 싼타페,하이브리드,"5,616"
현대,2023.12,포터2,디젤,"2,860"
현대,2023.12,포터2,LPG,"2,798"
현대,2023.12,더 뉴 아반떼,가솔린,"3,959"
현대,2023.12,더 뉴 아반떼,LPG,237
현대,2023.12,더 뉴 아반떼,하이브리드,794
현대,2023.12,쏘나타 디 엣지,가솔린,"2,910"
현대,2023.12,쏘나타 디 엣지,LPG,702
현대,2023.12,쏘나타 디 엣지,하이브리드,"1,243"
현대,2023.12,캐스퍼,가솔린,"4,021"
현대,2023.12,더 뉴 투싼,가솔린,"1,774"
현대,2023.12,더 뉴 투싼,디젤,109
현대,2023.12,더 뉴 투싼,하이브리드,"1,705"
현대,2023.12,스타리아,디젤,"2,316"
현대,2023.12,스타리아,LPG,"1,220"
현대,2023.12,팰리세이드,가솔린,877
현대,2023.12,팰리세이드,디젤,"1,189"
현대,2023.12,디 올 뉴 코나,가솔린,"1,218"
현대,2023.12,디 올 뉴 코나,하이브리드,682
현대,2023.12,버스/트럭 (현대),,
현대,2023.12,아이오닉 5,전기,763
현대,2023.12,베뉴,가솔린,526
현대,2023.12,마이티,,
현대,2023.12,포터2 일렉트릭,전기,395
현대,2023.12,쏘나타 뉴 라이즈,LPG,310
현대,2023.12,카운티,디젤,257
현대,2023.12,디 올 뉴 코나 일렉트릭,전기,212
현대,2023.12,아이오닉 6,전기,183
현대,2023.12,더 뉴 아반떼 N,가솔린,152
현대,2023.12,쏠라티,디젤,121
현대,2023.12,넥쏘,전기,79
현대,2023.12,싼타페,가솔린,53
현대,2023.12,싼타페,디젤,1
현대,2023.12,싼타페,하이브리드,1
현대,2023.12,아이오닉 5 N,전기,28
현대,2023.12,카운티 일렉트릭,전기,9
현대,2024.01,디 올 뉴 싼타페,가솔린,"2,986"
현대,2024.01,디 올 뉴 싼타페,하이브리드,"5,028"
현대,2024.01,더 뉴 투싼,가솔린,"2,391"
현대,2024.01,더 뉴 투싼,디젤,266
현대,2024.01,더 뉴 투싼,하이브리드,"2,495"
현대,2024.01,포터2,디젤,155
현대,2024.01,포터2,LPG,"4,768"
현대,2024.01,더 뉴 아반떼,가솔린,"3,759"
현대,2024.01,더 뉴 아반떼,LPG,235
현대,2024.01,더 뉴 아반떼,하이브리드,398
현대,2024.01,디 올 뉴 그랜저,가솔린,"1,011"
현대,2024.01,디 올 뉴 그랜저,LPG,447
현대,2024.01,디 올 뉴 그랜저,하이브리드,"2,177"
현대,2024.01,캐스퍼,가솔린,"3,006"
현대,2024.01,스타리아,디젤,"2,081"
현대,2024.01,스타리아,LPG,915
현대,2024.01,디 올 뉴 코나,가솔린,"1,289"
현대,2024.01,디 올 뉴 코나,하이브리드,683
현대,2024.01,팰리세이드,가솔린,773
현대,2024.01,팰리세이드,디젤,968
현대,2024.01,버스/트럭 (현대),,
현대,2024.01,쏘나타 디 엣지,가솔린,306
현대,2024.01,쏘나타 디 엣지,LPG,73
현대,2024.01,쏘나타 디 엣지,하이브리드,117
현대,2024.01,마이티,,
현대,2024.01,베뉴,가솔린,323
현대,2024.01,쏘나타 뉴 라이즈,LPG,310
현대,2024.01,쏠라티,디젤,106
현대,2024.01,카운티,디젤,47
현대,2024.01,더 뉴 아반떼 N,가솔린,46
현대,2024.01,아이오닉 5,전기,34
현대,2024.01,아이오닉 5 N,전기,5
현대,2024.01,카운티 일렉트릭,전기,5
현대,2024.01,아이오닉 6,전기,4
현대,2024.01,포터2 일렉트릭,전기,4
현대,2024.01,디 올 뉴 코나 일렉트릭,전기,4
현대,2024.01,싼타페,가솔린,2
현대,2024.01,넥쏘,전기,2
현대,2024.02,디 올 뉴 싼타페,가솔린,"2,441"
현대,2024.02,디 올 뉴 싼타페,하이브리드,"4,972"
현대,2024.02,포터2,디젤,12
현대,2024.02,포터2,LPG,"6,081"
현대,2024.02,디 올 뉴 그랜저,가솔린,"1,709"
현대,2024.02,디 올 뉴 그랜저,LPG,251
현대,2024.02,디 올 뉴 그랜저,하이브리드,"2,003"
현대,2024.02,캐스퍼,가솔린,"3,118"
현대,2024.02,더 뉴 투싼,가솔린,"1,270"
현대,2024.02,더 뉴 투싼,디젤,194
현대,2024.02,더 뉴 투싼,하이브리드,"1,606"
현대,2024.02,스타리아,디젤,"1,945"
현대,2024.02,스타리아,LPG,933
현대,2024.02,팰리세이드,가솔린,"1,402"
현대,2024.02,팰리세이드,디젤,963
현대,2024.02,더 뉴 아반떼,가솔린,"1,733"
현대,2024.02,더 뉴 아반떼,LPG,95
현대,2024.02,더 뉴 아반떼,하이브리드,402
현대,2024.02,쏘나타 디 엣지,가솔린,"1,098"
현대,2024.02,쏘나타 디 엣지,LPG,89
현대,2024.02,쏘나타 디 엣지,하이브리드,210
현대,2024.02,디 올 뉴 코나,가솔린,994
현대,2024.02,디 올 뉴 코나,하이브리드,403
현대,2024.02,버스/트럭 (현대),,
현대,2024.02,마이티,,
현대,2024.02,넥쏘,전기,331
현대,2024.02,베뉴,가솔린,323
현대,2024.02,포터2 일렉트릭,전기,262
현대,2024.02,아이오닉 5,전기,221
현대,2024.02,카운티,디젤,116
현대,2024.02,아이오닉 6,전기,98
현대,2024.02,쏠라티,디젤,87
현대,2024.02,더 뉴 아반떼 N,가솔린,62
현대,2024.02,디 올 뉴 코나 일렉트릭,전기,58
현대,2024.02,쏘나타 뉴 라이즈,LPG,26
현대,2024.02,카운티 일렉트릭,전기,7
현대,2024.02,아이오닉 5 N,전기,3
현대,2024.03,디 올 뉴 싼타페,가솔린,"1,903"
현대,2024.03,디 올 뉴 싼타페,하이브리드,"5,981"
현대,2024.03,디 올 뉴 그랜저,가솔린,"2,478"
현대,2024.03,디 올 뉴 그랜저,LPG,652
현대,2024.03,디 올 뉴 그랜저,하이브리드,"2,970"
현대,2024.03,포터2,디젤,6
현대,2024.03,포터2,LPG,"5,251"
현대,2024.03,더 뉴 아반떼,가솔린,"3,549"
현대,2024.03,더 뉴 아반떼,LPG,102
현대,2024.03,더 뉴 아반떼,하이브리드,462
현대,2024.03,쏘나타 디 엣지,가솔린,"2,558"
현대,2024.03,쏘나타 디 엣지,LPG,740
현대,2024.03,쏘나타 디 엣지,하이브리드,776
현대,2024.03,더 뉴 투싼,가솔린,"1,369"
현대,2024.03,더 뉴 투싼,디젤,222
현대,2024.03,더 뉴 투싼,하이브리드,"1,933"
현대,2024.03,캐스퍼,가솔린,"3,442"
현대,2024.03,스타리아,디젤,"1,780"
현대,2024.03,스타리아,LPG,808
현대,2024.03,스타리아,하이브리드,535
현대,2024.03,포터2 일렉트릭,전기,"2,775"
현대,2024.03,디 올 뉴 코나,가솔린,"1,943"
현대,2024.03,디 올 뉴 코나,하이브리드,452
현대,2024.03,팰리세이드,가솔린,"1,156"
현대,2024.03,팰리세이드,디젤,818
현대,2024.03,아이오닉 5,전기,"1,810"
현대,2024.03,버스/트럭 (현대),,
현대,2024.03,아이오닉 6,전기,936
현대,2024.03,마이티,,
현대,2024.03,디 올 뉴 코나 일렉트릭,전기,352
현대,2024.03,베뉴,가솔린,283
현대,2024.03,넥쏘,전기,268
현대,2024.03,쏠라티,디젤,161
현대,2024.03,카운티,디젤,154
현대,2024.03,더 뉴 아반떼 N,가솔린,75
현대,2024.03,아이오닉 5 N,전기,47
현대,2024.03,카운티 일렉트릭,전기,9
현대,2024.03,쏘나타 뉴 라이즈,LPG,4
현대,2024.04,디 올 뉴 그랜저,가솔린,"2,834"
현대,2024.04,디 올 뉴 그랜저,LPG,751
현대,2024.04,디 올 뉴 그랜저,하이브리드,"3,500"
현대,2024.04,디 올 뉴 싼타페,가솔린,"2,077"
현대,2024.04,디 올 뉴 싼타페,하이브리드,"3,770"
현대,2024.04,포터2,디젤,4
현대,2024.04,포터2,LPG,"5,744"
현대,2024.04,더 뉴 아반떼,가솔린,"4,931"
현대,2024.04,더 뉴 아반떼,LPG,200
현대,2024.04,더 뉴 아반떼,하이브리드,567
현대,2024.04,스타리아,디젤,"2,615"
현대,2024.04,스타리아,LPG,"1,032"
현대,2024.04,스타리아,하이브리드,"1,197"
현대,2024.04,쏘나타 디 엣지,가솔린,"2,714"
현대,2024.04,쏘나타 디 엣지,LPG,"1,195"
현대,2024.04,쏘나타 디 엣지,하이브리드,786
현대,2024.04,더 뉴 투싼,가솔린,"1,652"
현대,2024.04,더 뉴 투싼,디젤,165
현대,2024.04,더 뉴 투싼,하이브리드,"2,445"
현대,2024.04,캐스퍼,가솔린,"3,549"
현대,2024.04,디 올 뉴 코나,가솔린,"2,046"
현대,2024.04,디 올 뉴 코나,하이브리드,482
현대,2024.04,팰리세이드,가솔린,970
현대,2024.04,팰리세이드,디젤,819
현대,2024.04,더 뉴 아이오닉 5,전기,"1,549"
현대,2024.04,버스/트럭 (현대),,
현대,2024.04,포터2 일렉트릭,전기,695
현대,2024.04,마이티,,
현대,2024.04,아이오닉 6,전기,421
현대,2024.04,베뉴,가솔린,295
현대,2024.04,넥쏘,전기,252
현대,2024.04,디 올 뉴 코나 일렉트릭,전기,208
현대,2024.04,카운티,디젤,142
현대,2024.04,쏠라티,디젤,131
현대,2024.04,더 뉴 아반떼 N,가솔린,108
현대,2024.04,아이오닉 5 N,전기,35
현대,2024.04,카운티 일렉트릭,전기,8
현대,2024.05,디 올 뉴 그랜저,가솔린,"2,822"
현대,2024.05,디 올 뉴 그랜저,LPG,842
현대,2024.05,디 올 뉴 그랜저,하이브리드,"3,220"
현대,2024.05,포터2,디젤,3
현대,2024.05,포터2,LPG,"6,190"
현대,2024.05,쏘나타 디 엣지,가솔린,"2,552"
현대,2024.05,쏘나타 디 엣지,LPG,"2,490"
현대,2024.05,쏘나타 디 엣지,하이브리드,778
현대,2024.05,더 뉴 아반떼,가솔린,"5,044"
현대,2024.05,더 뉴 아반떼,LPG,182
현대,2024.05,더 뉴 아반떼,하이브리드,432
현대,2024.05,디 올 뉴 싼타페,가솔린,"1,709"
현대,2024.05,디 올 뉴 싼타페,하이브리드,"3,896"
현대,2024.05,더 뉴 투싼,가솔린,"2,695"
현대,2024.05,더 뉴 투싼,디젤,292
현대,2024.05,더 뉴 투싼,하이브리드,"1,851"
현대,2024.05,캐스퍼,가솔린,"3,861"
현대,2024.05,스타리아,디젤,"1,443"
현대,2024.05,스타리아,LPG,536
현대,2024.05,스타리아,하이브리드,765
현대,2024.05,디 올 뉴 코나,가솔린,"1,826"
현대,2024.05,디 올 뉴 코나,하이브리드,694
현대,2024.05,더 뉴 아이오닉 5,전기,"1,559"
현대,2024.05,버스/트럭 (현대),,
현대,2024.05,팰리세이드,가솔린,643
현대,2024.05,팰리세이드,디젤,692
현대,2024.05,포터2 일렉트릭,전기,796
현대,2024.05,마이티,,
현대,2024.05,베뉴,가솔린,603
현대,2024.05,아이오닉 6,전기,377
현대,2024.05,넥쏘,전기,316
현대,2024.05,디 올 뉴 코나 일렉트릭,전기,253
현대,2024.05,카운티,디젤,170
현대,2024.05,쏠라티,디젤,146
현대,2024.05,더 뉴 아반떼 N,가솔린,135
현대,2024.05,아이오닉 5 N,전기,31
현대,2024.05,ST1,전기,24
현대,2024.05,카운티 일렉트릭,전기,12
현대,2024.06,쏘나타 디 엣지,가솔린,"1,769"
현대,2024.06,쏘나타 디 엣지,LPG,"3,129"
현대,2024.06,쏘나타 디 엣지,하이브리드,814
현대,2024.06,디 올 뉴 그랜저,가솔린,"1,986"
현대,2024.06,디 올 뉴 그랜저,LPG,502
현대,2024.06,디 올 뉴 그랜저,하이브리드,"3,215"
현대,2024.06,디 올 뉴 싼타페,가솔린,"1,460"
현대,2024.06,디 올 뉴 싼타페,하이브리드,"3,540"
현대,2024.06,포터2,LPG,"4,867"
현대,2024.06,더 뉴 아반떼,가솔린,"4,056"
현대,2024.06,더 뉴 아반떼,LPG,140
현대,2024.06,더 뉴 아반떼,하이브리드,468
현대,2024.06,더 뉴 투싼,가솔린,"2,382"
현대,2024.06,더 뉴 투싼,디젤,210
현대,2024.06,더 뉴 투싼,하이브리드,"1,624"
현대,2024.06,스타리아,디젤,"1,833"
현대,2024.06,스타리아,LPG,853
현대,2024.06,스타리아,하이브리드,937
현대,2024.06,캐스퍼,가솔린,"3,352"
현대,2024.06,디 올 뉴 코나,가솔린,"1,694"
현대,2024.06,디 올 뉴 코나,하이브리드,653
현대,2024.06,더 뉴 아이오닉 5,전기,"1,727"
현대,2024.06,버스/트럭 (현대),,
현대,2024.06,팰리세이드,가솔린,804
현대,2024.06,팰리세이드,디젤,469
현대,2024.06,포터2 일렉트릭,전기,948
현대,2024.06,마이티,,
현대,2024.06,베뉴,가솔린,494
현대,2024.06,넥쏘,전기,294
현대,2024.06,아이오닉 6,전기,292
현대,2024.06,디 올 뉴 코나 일렉트릭,전기,246
현대,2024.06,ST1,전기,175
현대,2024.06,더 뉴 아반떼 N,가솔린,142
현대,2024.06,쏠라티,디젤,135
현대,2024.06,카운티,디젤,111
현대,2024.06,아이오닉 5 N,전기,107
현대,2024.06,카운티 일렉트릭,전기,8
현대,2024.07,디 올 뉴 그랜저,가솔린,"2,085"
현대,2024.07,디 올 뉴 그랜저,LPG,690
현대,2024.07,디 올 뉴 그랜저,하이브리드,"3,512"
현대,2024.07,쏘나타 디 엣지,가솔린,"1,959"
현대,2024.07,쏘나타 디 엣지,LPG,"2,878"
현대,2024.07,쏘나타 디 엣지,하이브리드,695
현대,2024.07,디 올 뉴 싼타페,가솔린,"1,367"
현대,2024.07,디 올 뉴 싼타페,하이브리드,"3,881"
현대,2024.07,포터2,LPG,"4,145"
현대,2024.07,더 뉴 아반떼,가솔린,"3,339"
현대,2024.07,더 뉴 아반떼,LPG,119
현대,2024.07,더 뉴 아반떼,하이브리드,415
현대,2024.07,스타리아,디젤,"1,901"
현대,2024.07,스타리아,LPG,749
현대,2024.07,스타리아,하이브리드,925
현대,2024.07,캐스퍼,가솔린,"3,425"
현대,2024.07,더 뉴 투싼,가솔린,"1,749"
현대,2024.07,더 뉴 투싼,디젤,188
현대,2024.07,더 뉴 투싼,하이브리드,"1,187"
현대,2024.07,디 올 뉴 코나,가솔린,"1,385"
현대,2024.07,디 올 뉴 코나,하이브리드,521
현대,2024.07,더 뉴 아이오닉 5,전기,"1,615"
현대,2024.07,버스/트럭 (현대),,
현대,2024.07,팰리세이드,가솔린,789
현대,2024.07,팰리세이드,디젤,527
현대,2024.07,포터2 일렉트릭,전기,"1,032"
현대,2024.07,마이티,,
현대,2024.07,디 올 뉴 코나 일렉트릭,전기,508
현대,2024.07,베뉴,가솔린,365
현대,2024.07,넥쏘,전기,330
현대,2024.07,아이오닉 6,전기,275
현대,2024.07,ST1,전기,194
현대,2024.07,아이오닉 5 N,전기,149
현대,2024.07,쏠라티,디젤,130
현대,2024.07,더 뉴 아반떼 N,가솔린,102
현대,2024.07,카운티,디젤,95
현대,2024.07,카운티 일렉트릭,전기,15
현대,2024.08,쏘나타 디 엣지,가솔린,"1,865"
현대,2024.08,쏘나타 디 엣지,LPG,"3,496"
현대,2024.08,쏘나타 디 엣지,하이브리드,956
현대,2024.08,디 올 뉴 그랜저,가솔린,"2,160"
현대,2024.08,디 올 뉴 그랜저,LPG,514
현대,2024.08,디 올 뉴 그랜저,하이브리드,"3,513"
현대,2024.08,디 올 뉴 싼타페,가솔린,"1,347"
현대,2024.08,디 올 뉴 싼타페,하이브리드,"4,368"
현대,2024.08,더 뉴 투싼,가솔린,"1,430"
현대,2024.08,더 뉴 투싼,디젤,219
현대,2024.08,더 뉴 투싼,하이브리드,"2,316"
현대,2024.08,포터2,디젤,1
현대,2024.08,포터2,LPG,"3,961"
현대,2024.08,더 뉴 아반떼,가솔린,"3,326"
현대,2024.08,더 뉴 아반떼,LPG,124
현대,2024.08,더 뉴 아반떼,하이브리드,435
현대,2024.08,캐스퍼,가솔린,"3,592"
현대,2024.08,스타리아,디젤,"1,574"
현대,2024.08,스타리아,LPG,721
현대,2024.08,스타리아,하이브리드,656
현대,2024.08,디 올 뉴 코나,가솔린,"1,171"
현대,2024.08,디 올 뉴 코나,하이브리드,701
현대,2024.08,팰리세이드,가솔린,815
현대,2024.08,팰리세이드,디젤,714
현대,2024.08,버스/트럭 (현대),,
현대,2024.08,캐스퍼 일렉트릭,전기,"1,439"
현대,2024.08,포터2 일렉트릭,전기,"1,208"
현대,2024.08,더 뉴 아이오닉 5,전기,"1,127"
현대,2024.08,마이티,,
현대,2024.08,아이오닉 6,전기,405
현대,2024.08,넥쏘,전기,347
현대,2024.08,베뉴,가솔린,299
현대,2024.08,디 올 뉴 코나 일렉트릭,전기,263
현대,2024.08,ST1,전기,183
현대,2024.08,쏠라티,디젤,125
현대,2024.08,카운티,디젤,101
현대,2024.08,아이오닉 5 N,전기,95
현대,2024.08,더 뉴 아반떼 N,가솔린,54
현대,2024.08,카운티 일렉트릭,전기,13
현대,2024.09,디 올 뉴 그랜저,가솔린,"2,099"
현대,2024.09,디 올 뉴 그랜저,LPG,410
현대,2024.09,디 올 뉴 그랜저,하이브리드,"3,611"
현대,2024.09,디 올 뉴 싼타페,가솔린,"1,237"
현대,2024.09,디 올 뉴 싼타페,하이브리드,"4,077"
현대,2024.09,쏘나타 디 엣지,가솔린,"1,902"
현대,2024.09,쏘나타 디 엣지,LPG,"1,945"
현대,2024.09,쏘나타 디 엣지,하이브리드,"1,043"
현대,2024.09,더 뉴 투싼,가솔린,"1,460"
현대,2024.09,더 뉴 투싼,디젤,192
현대,2024.09,더 뉴 투싼,하이브리드,"2,901"
현대,2024.09,더 뉴 아반떼,가솔린,"3,152"
현대,2024.09,더 뉴 아반떼,LPG,138
현대,2024.09,더 뉴 아반떼,하이브리드,396
현대,2024.09,포터2,LPG,"3,517"
현대,2024.09,스타리아,디젤,"1,676"
현대,2024.09,스타리아,LPG,616
현대,2024.09,스타리아,하이브리드,902
현대,2024.09,캐스퍼 일렉트릭,전기,"2,075"
현대,2024.09,디 올 뉴 코나,가솔린,"1,148"
현대,2024.09,디 올 뉴 코나,하이브리드,881
현대,2024.09,캐스퍼,가솔린,"1,927"
현대,2024.09,팰리세이드,가솔린,949
현대,2024.09,팰리세이드,디젤,755
현대,2024.09,버스/트럭 (현대),,
현대,2024.09,더 뉴 아이오닉 5,전기,"1,084"
현대,2024.09,포터2 일렉트릭,전기,940
현대,2024.09,디 올 뉴 코나 일렉트릭,전기,632
현대,2024.09,마이티,,
현대,2024.09,베뉴,가솔린,411
현대,2024.09,아이오닉 6,전기,368
현대,2024.09,넥쏘,,
현대,2024.09,쏠라티,디젤,163
현대,2024.09,카운티,디젤,115
현대,2024.09,ST1,전기,102
현대,2024.09,아이오닉 5 N,전기,88
현대,2024.09,더 뉴 아반떼 N,가솔린,61
현대,2024.09,카운티 일렉트릭,전기,8
현대,2024.10,디 올 뉴 그랜저,가솔린,"2,462"
현대,2024.10,디 올 뉴 그랜저,LPG,487
현대,2024.10,디 올 뉴 그랜저,하이브리드,"4,484"
현대,2024.10,디 올 뉴 싼타페,가솔린,"1,553"
현대,2024.10,디 올 뉴 싼타페,하이브리드,"5,741"
현대,2024.10,더 뉴 투싼,가솔린,"2,619"
현대,2024.10,더 뉴 투싼,디젤,216
현대,2024.10,더 뉴 투싼,하이브리드,"3,530"
현대,2024.10,더 뉴 아반떼,가솔린,"5,252"
현대,2024.10,더 뉴 아반떼,LPG,159
현대,2024.10,더 뉴 아반떼,하이브리드,517
현대,2024.10,포터2,LPG,"5,509"
현대,2024.10,쏘나타 디 엣지,가솔린,"1,803"
현대,2024.10,쏘나타 디 엣지,LPG,"2,050"
현대,2024.10,쏘나타 디 엣지,하이브리드,"1,194"
현대,2024.10,스타리아,디젤,"1,941"
현대,2024.10,스타리아,LPG,933
현대,2024.10,스타리아,하이브리드,873
현대,2024.10,캐스퍼 일렉트릭,전기,"2,186"
현대,2024.10,디 올 뉴 코나,가솔린,"1,330"
현대,2024.10,디 올 뉴 코나,하이브리드,810
현대,2024.10,버스/트럭 (현대),,
현대,2024.10,팰리세이드,가솔린,791
현대,2024.10,팰리세이드,디젤,726
현대,2024.10,더 뉴 캐스퍼,가솔린,"1,434"
현대,2024.10,더 뉴 아이오닉 5,전기,983
현대,2024.10,아이오닉 6,전기,866
현대,2024.10,마이티,,
현대,2024.10,베뉴,가솔린,439
현대,2024.10,포터2 일렉트릭,전기,273
현대,2024.10,디 올 뉴 코나 일렉트릭,전기,189
현대,2024.10,쏠라티,디젤,187
현대,2024.10,넥쏘,전기,184
현대,2024.10,카운티,디젤,154
현대,2024.10,ST1,전기,88
현대,2024.10,아이오닉 5 N,전기,81
현대,2024.10,더 뉴 아반떼 N,가솔린,64
현대,2024.10,카운티 일렉트릭,전기,21
현대,2024.11,디 올 뉴 싼타페,가솔린,"2,183"
현대,2024.11,디 올 뉴 싼타페,하이브리드,"5,393"
현대,2024.11,쏘나타 디 엣지,가솔린,"2,747"
현대,2024.11,쏘나타 디 엣지,LPG,"2,725"
현대,2024.11,쏘나타 디 엣지,하이브리드,"1,186"
현대,2024.11,더 뉴 투싼,가솔린,"2,179"
현대,2024.11,더 뉴 투싼,디젤,344
현대,2024.11,더 뉴 투싼,하이브리드,"3,060"
현대,2024.11,더 뉴 아반떼,가솔린,"4,635"
현대,2024.11,더 뉴 아반떼,LPG,152
현대,2024.11,더 뉴 아반떼,하이브리드,496
현대,2024.11,디 올 뉴 그랜저,가솔린,"2,362"
현대,2024.11,디 올 뉴 그랜저,LPG,318
현대,2024.11,디 올 뉴 그랜저,하이브리드,"2,367"
현대,2024.11,스타리아,디젤,"2,232"
현대,2024.11,스타리아,LPG,991
현대,2024.11,스타리아,하이브리드,871
현대,2024.11,포터2,LPG,"3,414"
현대,2024.11,팰리세이드,가솔린,"1,455"
현대,2024.11,팰리세이드,디젤,827
현대,2024.11,더 뉴 캐스퍼,가솔린,"2,014"
현대,2024.11,디 올 뉴 코나,가솔린,"1,052"
현대,2024.11,디 올 뉴 코나,하이브리드,749
현대,2024.11,캐스퍼 일렉트릭,전기,"1,731"
현대,2024.11,버스/트럭 (현대),,
현대,2024.11,포터2 일렉트릭,전기,"1,268"
현대,2024.11,더 뉴 아이오닉 5,전기,"1,158"
현대,2024.11,아이오닉 6,전기,734
현대,2024.11,마이티,,
현대,2024.11,베뉴,가솔린,395
현대,2024.11,디 올 뉴 코나 일렉트릭,전기,233
현대,2024.11,카운티,디젤,198
현대,2024.11,ST1,전기,173
현대,2024.11,더 뉴 아반떼 N,가솔린,169
현대,2024.11,쏠라티,디젤,121
현대,2024.11,넥쏘,전기,111
현대,2024.11,아이오닉 5 N,전기,94
현대,2024.11,카운티 일렉트릭,전기,35
현대,2024.12,디 올 뉴 그랜저,,
현대,2024.12,쏘나타 디 엣지,,
현대,2024.12,더 뉴 투싼,,
현대,2024.12,더 뉴 아반떼,,
현대,2024.12,디 올 뉴 싼타페,,
현대,2024.12,포터2,,
현대,2024.12,스타리아,,
현대,2024.12,디 올 뉴 코나,,
현대,2024.12,팰리세이드,,
현대,2024.12,버스/트럭 (현대),,
현대,2024.12,더 뉴 캐스퍼,,
현대,2024.12,더 뉴 아이오닉 5,,
현대,2024.12,캐스퍼 일렉트릭,,
현대,2024.12,베뉴,,
현대,2024.12,포터2 일렉트릭,,
현대,2024.12,아이오닉 6,,
현대,2024.12,더 뉴 아반떼 N,,
현대,2024.12,디 올 뉴 코나 일렉트릭,,
현대,2024.12,ST1,,
현대,2024.12,넥쏘,,
현대,2024.12,아이오닉 5 N,,
기아,2023.01,카니발,가솔린,"2,859"
기아,2023.01,카니발,디젤,"4,045"
기아,2023.01,스포티지,가솔린,"2,667"
기아,2023.01,스포티지,디젤,325
기아,2023.01,스포티지,LPG,480
기아,2023.01,스포티지,하이브리드,"2,020"
기아,2023.01,쏘렌토,가솔린,"1,163"
기아,2023.01,쏘렌토,디젤,614
기아,2023.01,쏘렌토,하이브리드,"2,834"
기아,2023.01,봉고 3,디젤,"3,626"
기아,2023.01,레이,가솔린,"3,585"
기아,2023.01,K8,가솔린,"1,205"
기아,2023.01,K8,LPG,263
기아,2023.01,K8,하이브리드,"1,983"
기아,2023.01,셀토스,가솔린,"3,366"
기아,2023.01,K5,가솔린,"1,400"
기아,2023.01,K5,LPG,359
기아,2023.01,K5,하이브리드,801
기아,2023.01,모닝,가솔린,"1,813"
기아,2023.01,니로,하이브리드,"1,268"
기아,2023.01,K3,가솔린,950
기아,2023.01,모하비,디젤,482
기아,2023.01,K9,가솔린,431
기아,2023.01,스팅어,가솔린,113
기아,2023.01,버스 (기아),,
기아,2023.01,봉고 3 EV,전기,29
기아,2023.01,니로 EV,전기,1
기아,2023.02,카니발,가솔린,"2,882"
기아,2023.02,카니발,디젤,"3,157"
기아,2023.02,스포티지,가솔린,"2,195"
기아,2023.02,스포티지,디젤,279
기아,2023.02,스포티지,LPG,388
기아,2023.02,스포티지,하이브리드,"2,827"
기아,2023.02,셀토스,가솔린,"5,552"
기아,2023.02,봉고 3 EV,전기,"5,025"
기아,2023.02,쏘렌토,가솔린,"1,456"
기아,2023.02,쏘렌토,디젤,668
기아,2023.02,쏘렌토,하이브리드,"2,621"
기아,2023.02,레이,가솔린,"4,268"
기아,2023.02,K8,가솔린,"1,054"
기아,2023.02,K8,LPG,361
기아,2023.02,K8,하이브리드,"2,753"
기아,2023.02,봉고 3,디젤,"4,041"
기아,2023.02,K5,가솔린,"1,479"
기아,2023.02,K5,LPG,351
기아,2023.02,K5,하이브리드,823
기아,2023.02,모닝,가솔린,"2,049"
기아,2023.02,EV6,전기,"1,951"
기아,2023.02,니로,하이브리드,"1,170"
기아,2023.02,K3,가솔린,"1,024"
기아,2023.02,모하비,디젤,504
기아,2023.02,니로 EV,전기,418
기아,2023.02,K9,가솔린,301
기아,2023.02,니로 플러스,전기,292
기아,2023.02,스팅어,가솔린,120
기아,2023.03,쏘렌토,가솔린,"1,626"
기아,2023.03,쏘렌토,디젤,708
기아,2023.03,쏘렌토,하이브리드,"4,556"
기아,2023.03,카니발,가솔린,"3,842"
기아,2023.03,카니발,디젤,"3,031"
기아,2023.03,스포티지,가솔린,"2,720"
기아,2023.03,스포티지,디젤,460
기아,2023.03,스포티지,LPG,516
기아,2023.03,스포티지,하이브리드,"2,322"
기아,2023.03,봉고 3,디젤,"4,902"
기아,2023.03,K8,가솔린,"1,204"
기아,2023.03,K8,LPG,256
기아,2023.03,K8,하이브리드,"3,109"
기아,2023.03,레이,가솔린,"4,155"
기아,2023.03,셀토스,가솔린,"3,891"
기아,2023.03,K5,가솔린,"2,130"
기아,2023.03,K5,LPG,378
기아,2023.03,K5,하이브리드,913
기아,2023.03,EV6,전기,"3,009"
기아,2023.03,모닝,가솔린,"2,127"
기아,2023.03,봉고 3 EV,전기,"2,016"
기아,2023.03,니로,하이브리드,"1,482"
기아,2023.03,K3,가솔린,"1,197"
기아,2023.03,니로 EV,전기,737
기아,2023.03,모하비,디젤,710
기아,2023.03,니로 플러스,전기,460
기아,2023.03,K9,가솔린,432
기아,2023.03,스팅어,가솔린,143
기아,2023.04,쏘렌토,가솔린,"1,950"
기아,2023.04,쏘렌토,디젤,505
기아,2023.04,쏘렌토,하이브리드,"4,380"
기아,2023.04,카니발,가솔린,"3,544"
기아,2023.04,카니발,디젤,"2,937"
기아,2023.04,스포티지,가솔린,"2,324"
기아,2023.04,스포티지,디젤,363
기아,2023.04,스포티지,LPG,"1,057"
기아,2023.04,스포티지,하이브리드,"2,538"
기아,2023.04,봉고 3,디젤,"4,349"
기아,2023.04,레이,가솔린,"4,158"
기아,2023.04,셀토스,가솔린,"4,119"
기아,2023.04,K8,가솔린,"1,172"
기아,2023.04,K8,LPG,300
기아,2023.04,K8,하이브리드,"2,539"
기아,2023.04,K5,가솔린,"1,406"
기아,2023.04,K5,LPG,332
기아,2023.04,K5,하이브리드,"1,001"
기아,2023.04,EV6,전기,"2,694"
기아,2023.04,모닝,가솔린,"2,164"
기아,2023.04,니로,하이브리드,"1,391"
기아,2023.04,봉고 3 EV,전기,"1,137"
기아,2023.04,니로 EV,전기,729
기아,2023.04,K3,가솔린,670
기아,2023.04,모하비,디젤,483
기아,2023.04,니로 플러스,전기,475
기아,2023.04,K9,가솔린,422
기아,2023.04,버스 (기아),,
기아,2023.04,스팅어,가솔린,61
기아,2023.05,카니발,가솔린,"3,010"
기아,2023.05,카니발,디젤,"3,685"
기아,2023.05,쏘렌토,가솔린,"1,298"
기아,2023.05,쏘렌토,디젤,652
기아,2023.05,쏘렌토,하이브리드,"4,549"
기아,2023.05,스포티지,가솔린,"2,080"
기아,2023.05,스포티지,디젤,250
기아,2023.05,스포티지,LPG,902
기아,2023.05,스포티지,하이브리드,"2,953"
기아,2023.05,셀토스,가솔린,"4,792"
기아,2023.05,레이,가솔린,"4,576"
기아,2023.05,K8,가솔린,"1,355"
기아,2023.05,K8,LPG,290
기아,2023.05,K8,하이브리드,"2,842"
기아,2023.05,봉고 3,디젤,"4,194"
기아,2023.05,K5,가솔린,"1,726"
기아,2023.05,K5,LPG,412
기아,2023.05,K5,하이브리드,"1,028"
기아,2023.05,모닝,가솔린,"2,502"
기아,2023.05,EV6,전기,"1,894"
기아,2023.05,니로,하이브리드,"1,468"
기아,2023.05,봉고 3 EV,전기,"1,164"
기아,2023.05,K3,가솔린,975
기아,2023.05,니로 EV,전기,522
기아,2023.05,니로 플러스,전기,462
기아,2023.05,모하비,디젤,318
기아,2023.05,K9,가솔린,310
기아,2023.05,버스 (기아),,
기아,2023.05,스팅어,가솔린,45
기아,2023.06,쏘렌토,가솔린,"1,558"
기아,2023.06,쏘렌토,디젤,864
기아,2023.06,쏘렌토,하이브리드,"4,556"
기아,2023.06,스포티지,가솔린,"2,008"
기아,2023.06,스포티지,디젤,401
기아,2023.06,스포티지,LPG,639
기아,2023.06,스포티지,하이브리드,"3,370"
기아,2023.06,카니발,가솔린,"2,892"
기아,2023.06,카니발,디젤,"3,466"
기아,2023.06,셀토스,가솔린,"5,224"
기아,2023.06,K8,가솔린,"1,303"
기아,2023.06,K8,LPG,393
기아,2023.06,K8,하이브리드,"2,773"
기아,2023.06,레이,가솔린,"4,372"
기아,2023.06,봉고 3,디젤,"3,545"
기아,2023.06,K5,가솔린,"1,481"
기아,2023.06,K5,LPG,414
기아,2023.06,K5,하이브리드,"1,068"
기아,2023.06,모닝,가솔린,"2,245"
기아,2023.06,K3,가솔린,"1,540"
기아,2023.06,니로,하이브리드,"1,534"
기아,2023.06,EV6,전기,"1,379"
기아,2023.06,EV9,전기,"1,334"
기아,2023.06,봉고 3 EV,전기,"1,026"
기아,2023.06,모하비,디젤,510
기아,2023.06,니로 EV,전기,458
기아,2023.06,K9,가솔린,366
기아,2023.06,니로 플러스,전기,298
기아,2023.06,버스 (기아),,
기아,2023.06,스팅어,가솔린,1
기아,2023.07,스포티지,가솔린,"2,735"
기아,2023.07,스포티지,디젤,289
기아,2023.07,스포티지,LPG,737
기아,2023.07,스포티지,하이브리드,"2,864"
기아,2023.07,카니발,가솔린,"2,954"
기아,2023.07,카니발,디젤,"3,155"
기아,2023.07,쏘렌토,가솔린,"1,166"
기아,2023.07,쏘렌토,디젤,471
기아,2023.07,쏘렌토,하이브리드,"4,041"
기아,2023.07,셀토스,가솔린,"4,770"
기아,2023.07,레이,가솔린,"4,285"
기아,2023.07,봉고 3,디젤,"4,171"
기아,2023.07,K8,가솔린,894
기아,2023.07,K8,LPG,269
기아,2023.07,K8,하이브리드,"2,350"
기아,2023.07,K5,가솔린,"1,131"
기아,2023.07,K5,LPG,317
기아,2023.07,K5,하이브리드,798
기아,2023.07,모닝,가솔린,"2,033"
기아,2023.07,봉고 3 EV,전기,"1,577"
기아,2023.07,EV6,전기,"1,398"
기아,2023.07,니로,하이브리드,"1,370"
기아,2023.07,EV9,전기,"1,251"
기아,2023.07,K3,가솔린,976
기아,2023.07,모하비,디젤,459
기아,2023.07,K9,가솔린,372
기아,2023.07,니로 플러스,전기,303
기아,2023.07,니로 EV,전기,244
기아,2023.08,쏘렌토,가솔린,"2,177"
기아,2023.08,쏘렌토,디젤,316
기아,2023.08,쏘렌토,하이브리드,"4,683"
기아,2023.08,스포티지,가솔린,"2,215"
기아,2023.08,스포티지,디젤,308
기아,2023.08,스포티지,LPG,467
기아,2023.08,스포티지,하이브리드,"2,220"
기아,2023.08,카니발,가솔린,"2,190"
기아,2023.08,카니발,디젤,"2,747"
기아,2023.08,레이,가솔린,"4,402"
기아,2023.08,셀토스,가솔린,"3,512"
기아,2023.08,봉고 3,디젤,"3,391"
기아,2023.08,모닝,가솔린,"2,910"
기아,2023.08,K5,가솔린,"1,174"
기아,2023.08,K5,LPG,442
기아,2023.08,K5,하이브리드,997
기아,2023.08,K8,가솔린,544
기아,2023.08,K8,LPG,131
기아,2023.08,K8,하이브리드,"1,782"
기아,2023.08,니로,하이브리드,"1,302"
기아,2023.08,K3,가솔린,"1,123"
기아,2023.08,EV6,전기,948
기아,2023.08,봉고 3 EV,전기,610
기아,2023.08,EV9,전기,408
기아,2023.08,니로 EV,전기,392
기아,2023.08,모하비,디젤,379
기아,2023.08,K9,가솔린,347
기아,2023.08,니로 플러스,전기,115
기아,2023.09,쏘렌토,가솔린,"3,032"
기아,2023.09,쏘렌토,디젤,786
기아,2023.09,쏘렌토,하이브리드,"6,372"
기아,2023.09,스포티지,가솔린,"2,032"
기아,2023.09,스포티지,디젤,247
기아,2023.09,스포티지,LPG,759
기아,2023.09,스포티지,하이브리드,"2,364"
기아,2023.09,셀토스,가솔린,"4,399"
기아,2023.09,카니발,가솔린,"1,821"
기아,2023.09,카니발,디젤,"2,545"
기아,2023.09,봉고 3,디젤,"3,492"
기아,2023.09,봉고 3,LPG,569
기아,2023.09,레이,가솔린,"3,409"
기아,2023.09,K8,가솔린,677
기아,2023.09,K8,LPG,443
기아,2023.09,K8,하이브리드,"1,286"
기아,2023.09,K5,가솔린,"1,098"
기아,2023.09,K5,LPG,318
기아,2023.09,K5,하이브리드,864
기아,2023.09,모닝,가솔린,"1,892"
기아,2023.09,니로,하이브리드,"1,505"
기아,2023.09,EV9,전기,"1,163"
기아,2023.09,K3,가솔린,"1,036"
기아,2023.09,봉고 3 EV,전기,706
기아,2023.09,EV6,전기,601
기아,2023.09,모하비,디젤,317
기아,2023.09,K9,가솔린,232
기아,2023.09,니로 EV,전기,176
기아,2023.09,버스 (기아),,
기아,2023.09,니로 플러스,전기,103
기아,2023.09,레이 EV,전기,55
기아,2023.10,쏘렌토,가솔린,"2,156"
기아,2023.10,쏘렌토,디젤,835
기아,2023.10,쏘렌토,하이브리드,"5,786"
기아,2023.10,스포티지,가솔린,"1,546"
기아,2023.10,스포티지,디젤,248
기아,2023.10,스포티지,LPG,435
기아,2023.10,스포티지,하이브리드,"2,478"
기아,2023.10,봉고 3,디젤,"4,183"
기아,2023.10,카니발,가솔린,"1,590"
기아,2023.10,카니발,디젤,"2,343"
기아,2023.10,레이,가솔린,"3,524"
기아,2023.10,셀토스,가솔린,"3,008"
기아,2023.10,K5,가솔린,"1,099"
기아,2023.10,K5,LPG,379
기아,2023.10,K5,하이브리드,"1,114"
기아,2023.10,K8,가솔린,462
기아,2023.10,K8,LPG,540
기아,2023.10,K8,하이브리드,"1,246"
기아,2023.10,모닝,가솔린,"2,225"
기아,2023.10,EV6,전기,"1,564"
기아,2023.10,니로,하이브리드,"1,359"
기아,2023.10,레이 EV,전기,"1,300"
기아,2023.10,봉고 3 EV,전기,998
기아,2023.10,K3,가솔린,939
기아,2023.10,EV9,전기,833
기아,2023.10,모하비,디젤,293
기아,2023.10,니로 EV,전기,236
기아,2023.10,K9,가솔린,226
기아,2023.10,니로 플러스,전기,218
기아,2023.11,쏘렌토,가솔린,"1,412"
기아,2023.11,쏘렌토,디젤,512
기아,2023.11,쏘렌토,하이브리드,"7,440"
기아,2023.11,스포티지,가솔린,"1,520"
기아,2023.11,스포티지,디젤,356
기아,2023.11,스포티지,LPG,732
기아,2023.11,스포티지,하이브리드,"3,374"
기아,2023.11,카니발,가솔린,"2,799"
기아,2023.11,카니발,디젤,"3,058"
기아,2023.11,봉고 3,디젤,"5,512"
기아,2023.11,셀토스,가솔린,"4,446"
기아,2023.11,K5,가솔린,"2,226"
기아,2023.11,K5,LPG,701
기아,2023.11,K5,하이브리드,856
기아,2023.11,레이,가솔린,"3,200"
기아,2023.11,K8,가솔린,692
기아,2023.11,K8,LPG,530
기아,2023.11,K8,하이브리드,"1,577"
기아,2023.11,모닝,가솔린,"2,111"
기아,2023.11,K3,가솔린,"1,428"
기아,2023.11,레이 EV,전기,"1,387"
기아,2023.11,니로,하이브리드,"1,293"
기아,2023.11,EV6,전기,"1,096"
기아,2023.11,봉고 3 EV,전기,643
기아,2023.11,EV9,전기,375
기아,2023.11,모하비,디젤,313
기아,2023.11,니로 EV,전기,248
기아,2023.11,K9,가솔린,236
기아,2023.11,버스 (기아),,
기아,2023.11,니로 플러스,전기,120
기아,2023.12,쏘렌토,가솔린,"2,126"
기아,2023.12,쏘렌토,디젤,651
기아,2023.12,쏘렌토,하이브리드,"5,291"
기아,2023.12,스포티지,가솔린,"1,504"
기아,2023.12,스포티지,디젤,360
기아,2023.12,스포티지,LPG,851
기아,2023.12,스포티지,하이브리드,"3,024"
기아,2023.12,카니발,가솔린,"1,783"
기아,2023.12,카니발,디젤,"1,707"
기아,2023.12,카니발,하이브리드,"1,815"
기아,2023.12,봉고 3,디젤,"2,142"
기아,2023.12,봉고 3,LPG,"1,816"
기아,2023.12,셀토스,가솔린,"3,758"
기아,2023.12,K5,가솔린,"1,207"
기아,2023.12,K5,LPG,320
기아,2023.12,K5,하이브리드,"2,036"
기아,2023.12,레이,가솔린,"3,269"
기아,2023.12,EV9,전기,"2,688"
기아,2023.12,K8,가솔린,534
기아,2023.12,K8,LPG,354
기아,2023.12,K8,하이브리드,971
기아,2023.12,모닝,가솔린,"1,808"
기아,2023.12,K3,가솔린,"1,346"
기아,2023.12,니로,하이브리드,"1,172"
기아,2023.12,레이 EV,전기,985
기아,2023.12,EV6,전기,693
기아,2023.12,모하비,디젤,252
기아,2023.12,K9,가솔린,223
기아,2023.12,봉고 3 EV,전기,221
기아,2023.12,버스 (기아),,
기아,2023.12,니로 EV,전기,84
기아,2023.12,니로 플러스,전기,70
기아,2024.01,쏘렌토,가솔린,"1,891"
기아,2024.01,쏘렌토,디젤,434
기아,2024.01,쏘렌토,하이브리드,"6,959"
기아,2024.01,카니발,가솔린,"1,599"
기아,2024.01,카니발,디젤,"1,706"
기아,2024.01,카니발,하이브리드,"3,744"
기아,2024.01,스포티지,가솔린,"2,264"
기아,2024.01,스포티지,디젤,462
기아,2024.01,스포티지,LPG,704
기아,2024.01,스포티지,하이브리드,"2,504"
기아,2024.01,레이,가솔린,"4,020"
기아,2024.01,셀토스,가솔린,"3,944"
기아,2024.01,K5,가솔린,"1,800"
기아,2024.01,K5,LPG,404
기아,2024.01,K5,하이브리드,"1,132"
기아,2024.01,봉고 3,디젤,378
기아,2024.01,봉고 3,LPG,"2,752"
기아,2024.01,K8,가솔린,880
기아,2024.01,K8,LPG,475
기아,2024.01,K8,하이브리드,"1,562"
기아,2024.01,K3,가솔린,"1,419"
기아,2024.01,니로,하이브리드,"1,220"
기아,2024.01,모닝,가솔린,"1,214"
기아,2024.01,EV9,전기,449
기아,2024.01,모하비,디젤,291
기아,2024.01,K9,가솔린,175
기아,2024.01,버스 (기아),,
기아,2024.01,레이 EV,전기,110
기아,2024.01,EV6,전기,29
기아,2024.01,니로 EV,전기,19
기아,2024.01,봉고 3 EV,전기,19
기아,2024.01,니로 플러스,전기,2
기아,2024.02,쏘렌토,가솔린,"1,694"
기아,2024.02,쏘렌토,디젤,680
기아,2024.02,쏘렌토,하이브리드,"6,297"
기아,2024.02,카니발,가솔린,"1,697"
기아,2024.02,카니발,디젤,"1,799"
기아,2024.02,카니발,하이브리드,"4,493"
기아,2024.02,스포티지,가솔린,"2,697"
기아,2024.02,스포티지,디젤,210
기아,2024.02,스포티지,LPG,"1,145"
기아,2024.02,스포티지,하이브리드,"2,939"
기아,2024.02,셀토스,가솔린,"3,967"
기아,2024.02,레이,가솔린,"3,160"
기아,2024.02,K5,가솔린,"1,721"
기아,2024.02,K5,LPG,241
기아,2024.02,K5,하이브리드,"1,008"
기아,2024.02,봉고 3,디젤,"1,213"
기아,2024.02,봉고 3,LPG,"1,744"
기아,2024.02,K8,가솔린,757
기아,2024.02,K8,LPG,421
기아,2024.02,K8,하이브리드,987
기아,2024.02,K3,가솔린,"1,315"
기아,2024.02,모닝,가솔린,"1,140"
기아,2024.02,니로,하이브리드,938
기아,2024.02,레이 EV,전기,812
기아,2024.02,모하비,디젤,241
기아,2024.02,K9,가솔린,191
기아,2024.02,봉고 3 EV,전기,180
기아,2024.02,EV6,전기,155
기아,2024.02,EV9,전기,124
기아,2024.02,버스 (기아),,
기아,2024.02,니로 EV,전기,2
기아,2024.03,쏘렌토,가솔린,"2,112"
기아,2024.03,쏘렌토,디젤,389
기아,2024.03,쏘렌토,하이브리드,"6,473"
기아,2024.03,카니발,가솔린,"1,272"
기아,2024.03,카니발,디젤,"2,405"
기아,2024.03,카니발,하이브리드,"3,966"
기아,2024.03,스포티지,가솔린,"2,867"
기아,2024.03,스포티지,디젤,201
기아,2024.03,스포티지,LPG,722
기아,2024.03,스포티지,하이브리드,"2,946"
기아,2024.03,셀토스,가솔린,"4,748"
기아,2024.03,K5,가솔린,"1,832"
기아,2024.03,K5,LPG,378
기아,2024.03,K5,하이브리드,"1,367"
기아,2024.03,봉고 3,LPG,"3,510"
기아,2024.03,레이,가솔린,"3,172"
기아,2024.03,K8,가솔린,720
기아,2024.03,K8,LPG,255
기아,2024.03,K8,하이브리드,"1,041"
기아,2024.03,레이 EV,전기,"1,520"
기아,2024.03,K3,가솔린,"1,460"
기아,2024.03,모닝,가솔린,"1,416"
기아,2024.03,EV6,전기,"1,275"
기아,2024.03,봉고 3 EV,전기,"1,180"
기아,2024.03,니로,하이브리드,917
기아,2024.03,모하비,디젤,298
기아,2024.03,EV9,전기,183
기아,2024.03,K9,가솔린,140
기아,2024.03,니로 EV,전기,134
기아,2024.03,버스 (기아),,
기아,2024.03,니로 플러스,전기,86
기아,2024.04,쏘렌토,가솔린,"1,951"
기아,2024.04,쏘렌토,디젤,745
기아,2024.04,쏘렌토,하이브리드,"5,169"
기아,2024.04,스포티지,가솔린,"2,853"
기아,2024.04,스포티지,디젤,361
기아,2024.04,스포티지,LPG,911
기아,2024.04,스포티지,하이브리드,"3,054"
기아,2024.04,카니발,가솔린,795
기아,2024.04,카니발,디젤,"2,317"
기아,2024.04,카니발,하이브리드,"3,767"
기아,2024.04,셀토스,가솔린,"5,025"
기아,2024.04,봉고 3,디젤,1
기아,2024.04,봉고 3,LPG,"3,979"
기아,2024.04,레이,가솔린,"3,244"
기아,2024.04,K5,가솔린,"1,641"
기아,2024.04,K5,LPG,545
기아,2024.04,K5,하이브리드,982
기아,2024.04,K8,가솔린,760
기아,2024.04,K8,LPG,310
기아,2024.04,K8,하이브리드,918
기아,2024.04,니로,하이브리드,"1,597"
기아,2024.04,모닝,가솔린,"1,421"
기아,2024.04,K3,가솔린,"1,336"
기아,2024.04,레이 EV,전기,"1,216"
기아,2024.04,EV6,전기,"1,036"
기아,2024.04,봉고 3 EV,전기,550
기아,2024.04,모하비,디젤,257
기아,2024.04,K9,가솔린,253
기아,2024.04,니로 EV,전기,218
기아,2024.04,EV9,전기,174
기아,2024.04,니로 플러스,전기,123
기아,2024.05,쏘렌토,가솔린,"1,649"
기아,2024.05,쏘렌토,디젤,385
기아,2024.05,쏘렌토,하이브리드,"5,453"
기아,2024.05,카니발,가솔린,"1,227"
기아,2024.05,카니발,디젤,"2,440"
기아,2024.05,카니발,하이브리드,"3,544"
기아,2024.05,스포티지,가솔린,"2,742"
기아,2024.05,스포티지,디젤,254
기아,2024.05,스포티지,LPG,593
기아,2024.05,스포티지,하이브리드,"3,055"
기아,2024.05,셀토스,가솔린,"6,120"
기아,2024.05,봉고 3,LPG,"3,588"
기아,2024.05,레이,가솔린,"3,178"
기아,2024.05,K5,가솔린,"1,193"
기아,2024.05,K5,LPG,350
기아,2024.05,K5,하이브리드,863
기아,2024.05,K8,가솔린,670
기아,2024.05,K8,LPG,345
기아,2024.05,K8,하이브리드,858
기아,2024.05,니로,하이브리드,"1,596"
기아,2024.05,EV6,전기,"1,380"
기아,2024.05,레이 EV,전기,"1,278"
기아,2024.05,K3,가솔린,995
기아,2024.05,모닝,가솔린,907
기아,2024.05,봉고 3 EV,전기,462
기아,2024.05,K9,가솔린,282
기아,2024.05,모하비,디젤,224
기아,2024.05,EV9,전기,182
기아,2024.05,버스 (기아),,
기아,2024.05,니로 EV,전기,113
기아,2024.05,니로 플러스,전기,67
기아,2024.06,카니발,가솔린,607
기아,2024.06,카니발,디젤,"3,110"
기아,2024.06,카니발,하이브리드,"4,380"
기아,2024.06,쏘렌토,가솔린,"1,726"
기아,2024.06,쏘렌토,디젤,572
기아,2024.06,쏘렌토,하이브리드,"5,009"
기아,2024.06,스포티지,가솔린,"3,093"
기아,2024.06,스포티지,디젤,162
기아,2024.06,스포티지,LPG,606
기아,2024.06,스포티지,하이브리드,"1,954"
기아,2024.06,셀토스,가솔린,"5,399"
기아,2024.06,봉고 3,LPG,"3,365"
기아,2024.06,K5,가솔린,930
기아,2024.06,K5,LPG,"1,450"
기아,2024.06,K5,하이브리드,552
기아,2024.06,레이,가솔린,"2,285"
기아,2024.06,K8,가솔린,529
기아,2024.06,K8,LPG,294
기아,2024.06,K8,하이브리드,696
기아,2024.06,EV6,전기,"1,430"
기아,2024.06,K3,가솔린,"1,341"
기아,2024.06,레이 EV,전기,"1,289"
기아,2024.06,니로,하이브리드,"1,210"
기아,2024.06,모닝,가솔린,985
기아,2024.06,봉고 3 EV,전기,439
기아,2024.06,모하비,디젤,288
기아,2024.06,K9,가솔린,160
기아,2024.06,니로 EV,전기,123
기아,2024.06,버스 (기아),,
기아,2024.06,EV9,전기,113
기아,2024.06,니로 플러스,전기,65
기아,2024.07,쏘렌토,가솔린,"1,942"
기아,2024.07,쏘렌토,디젤,243
기아,2024.07,쏘렌토,하이브리드,"5,411"
기아,2024.07,카니발,가솔린,"1,916"
기아,2024.07,카니발,디젤,"2,897"
기아,2024.07,카니발,하이브리드,"2,237"
기아,2024.07,스포티지,가솔린,"2,821"
기아,2024.07,스포티지,디젤,384
기아,2024.07,스포티지,LPG,695
기아,2024.07,스포티지,하이브리드,"2,335"
기아,2024.07,셀토스,가솔린,"5,489"
기아,2024.07,봉고 3,LPG,"3,148"
기아,2024.07,레이,가솔린,"2,977"
기아,2024.07,K5,가솔린,915
기아,2024.07,K5,LPG,"1,233"
기아,2024.07,K5,하이브리드,554
기아,2024.07,EV3,전기,"1,975"
기아,2024.07,레이 EV,전기,"1,407"
기아,2024.07,K3,가솔린,"1,373"
기아,2024.07,EV6,전기,"1,344"
기아,2024.07,모닝,가솔린,"1,335"
기아,2024.07,K8,가솔린,414
기아,2024.07,K8,LPG,97
기아,2024.07,K8,하이브리드,643
기아,2024.07,니로,하이브리드,"1,049"
기아,2024.07,봉고 3 EV,전기,567
기아,2024.07,K9,가솔린,202
기아,2024.07,모하비,디젤,197
기아,2024.07,EV9,전기,161
기아,2024.07,니로 EV,전기,150
기아,2024.07,버스 (기아),,
기아,2024.07,니로 플러스,전기,14
기아,2024.08,스포티지,가솔린,"1,728"
기아,2024.08,스포티지,디젤,335
기아,2024.08,스포티지,LPG,593
기아,2024.08,스포티지,하이브리드,"3,332"
기아,2024.08,셀토스,가솔린,"5,551"
기아,2024.08,카니발,가솔린,"2,082"
기아,2024.08,카니발,디젤,"1,648"
기아,2024.08,카니발,하이브리드,"1,804"
기아,2024.08,EV3,전기,"4,002"
기아,2024.08,쏘렌토,가솔린,770
기아,2024.08,쏘렌토,디젤,161
기아,2024.08,쏘렌토,하이브리드,"2,571"
기아,2024.08,레이,가솔린,"2,787"
기아,2024.08,봉고 3,LPG,"2,782"
기아,2024.08,K8,가솔린,"1,279"
기아,2024.08,K8,LPG,242
기아,2024.08,K8,하이브리드,"1,190"
기아,2024.08,K5,가솔린,"1,021"
기아,2024.08,K5,LPG,"1,019"
기아,2024.08,K5,하이브리드,650
기아,2024.08,니로,하이브리드,"1,048"
기아,2024.08,레이 EV,전기,923
기아,2024.08,모닝,가솔린,910
기아,2024.08,EV6,전기,599
기아,2024.08,K3,가솔린,588
기아,2024.08,봉고 3 EV,전기,382
기아,2024.08,모하비,디젤,204
기아,2024.08,K9,가솔린,177
기아,2024.08,버스 (기아),,
기아,2024.08,EV9,전기,92
기아,2024.08,니로 EV,전기,61
기아,2024.08,니로 플러스,전기,43
기아,2024.09,쏘렌토,가솔린,"1,275"
기아,2024.09,쏘렌토,디젤,439
기아,2024.09,쏘렌토,하이브리드,"4,914"
기아,2024.09,카니발,가솔린,"1,881"
기아,2024.09,카니발,디젤,"1,034"
기아,2024.09,카니발,하이브리드,"1,985"
기아,2024.09,K8,가솔린,"1,853"
기아,2024.09,K8,LPG,387
기아,2024.09,K8,하이브리드,"2,484"
기아,2024.09,스포티지,가솔린,"2,084"
기아,2024.09,스포티지,디젤,283
기아,2024.09,스포티지,LPG,323
기아,2024.09,스포티지,하이브리드,"1,851"
기아,2024.09,셀토스,가솔린,"4,433"
기아,2024.09,레이,가솔린,"2,589"
기아,2024.09,K5,가솔린,984
기아,2024.09,K5,LPG,857
기아,2024.09,K5,하이브리드,436
기아,2024.09,봉고 3,LPG,"2,272"
기아,2024.09,EV3,전기,"2,022"
기아,2024.09,모닝,가솔린,968
기아,2024.09,니로,하이브리드,866
기아,2024.09,레이 EV,전기,774
기아,2024.09,봉고 3 EV,전기,443
기아,2024.09,EV6,전기,324
기아,2024.09,K9,가솔린,163
기아,2024.09,EV9,전기,122
기아,2024.09,모하비,디젤,118
기아,2024.09,버스 (기아),,
기아,2024.09,니로 EV,전기,4
기아,2024.09,K3,가솔린,4
기아,2024.09,니로 플러스,전기,3
기아,2024.10,쏘렌토,가솔린,"1,840"
기아,2024.10,쏘렌토,디젤,490
기아,2024.10,쏘렌토,하이브리드,"5,632"
기아,2024.10,셀토스,가솔린,"6,822"
기아,2024.10,카니발,가솔린,"1,646"
기아,2024.10,카니발,디젤,"1,756"
기아,2024.10,카니발,하이브리드,"2,243"
기아,2024.10,스포티지,가솔린,"2,556"
기아,2024.10,스포티지,디젤,185
기아,2024.10,스포티지,LPG,607
기아,2024.10,스포티지,하이브리드,"2,183"
기아,2024.10,K8,가솔린,"1,372"
기아,2024.10,K8,LPG,253
기아,2024.10,K8,하이브리드,"3,352"
기아,2024.10,레이,가솔린,"3,036"
기아,2024.10,K5,가솔린,"1,122"
기아,2024.10,K5,LPG,"1,239"
기아,2024.10,K5,하이브리드,669
기아,2024.10,봉고 3,LPG,"2,954"
기아,2024.10,EV3,전기,"2,107"
기아,2024.10,모닝,가솔린,"1,464"
기아,2024.10,니로,하이브리드,941
기아,2024.10,봉고 3 EV,전기,614
기아,2024.10,EV6,전기,557
기아,2024.10,레이 EV,전기,242
기아,2024.10,EV9,전기,159
기아,2024.10,K9,가솔린,127
기아,2024.10,버스 (기아),,
기아,2024.10,모하비,디젤,98
기아,2024.10,니로 EV,전기,17
기아,2024.10,니로 플러스,전기,3
기아,2024.11,쏘렌토,가솔린,"2,439"
기아,2024.11,쏘렌토,디젤,803
기아,2024.11,쏘렌토,하이브리드,"7,192"
기아,2024.11,카니발,가솔린,"1,881"
기아,2024.11,카니발,디젤,"1,955"
기아,2024.11,카니발,하이브리드,"3,680"
기아,2024.11,셀토스,가솔린,"4,887"
기아,2024.11,레이,가솔린,"4,417"
기아,2024.11,K8,가솔린,752
기아,2024.11,K8,LPG,226
기아,2024.11,K8,하이브리드,"3,358"
기아,2024.11,더 뉴 스포티지,가솔린,"1,939"
기아,2024.11,더 뉴 스포티지,LPG,673
기아,2024.11,더 뉴 스포티지,하이브리드,"1,488"
기아,2024.11,K5,가솔린,663
기아,2024.11,K5,LPG,"1,097"
기아,2024.11,K5,하이브리드,885
기아,2024.11,봉고 3,디젤,1
기아,2024.11,봉고 3,LPG,"2,334"
기아,2024.11,EV3,전기,"2,284"
기아,2024.11,모닝,가솔린,"1,467"
기아,2024.11,니로,하이브리드,"1,034"
기아,2024.11,봉고 3 EV,전기,925
기아,2024.11,EV6,전기,770
기아,2024.11,레이 EV,전기,336
기아,2024.11,EV9,전기,144
기아,2024.11,스포티지,디젤,133
기아,2024.11,니로 EV,전기,128
기아,2024.11,버스 (기아),,
기아,2024.11,K9,가솔린,99
기아,2024.11,모하비,디젤,78
기아,2024.11,니로 플러스,전기,1
기아,2024.12,쏘렌토,,
기아,2024.12,더 뉴 스포티지,,
기아,2024.12,카니발,,
기아,2024.12,셀토스,,
기아,2024.12,레이,,
기아,2024.12,모닝,,
기아,2024.12,K8,,
기아,2024.12,봉고 3,,
기아,2024.12,K5,,
기아,2024.12,니로,,
기아,2024.12,EV3,,
기아,2024.12,버스/특수 (기아),,
기아,2024.12,봉고 3 EV,,
기아,2024.12,K9,,
기아,2024.12,레이 EV,,
기아,2024.12,EV6,,
기아,2024.12,EV9,,
기아,2024.12,니로 EV,,
기아,2024.12,니로 플러스,,
쉐보레,2023.01,트레일블레이저,가솔린,430
쉐보레,2023.01,스파크,가솔린,310
쉐보레,2023.01,콜로라도,가솔린,107
쉐보레,2023.01,트래버스,가솔린,80
쉐보레,2023.01,이쿼녹스,가솔린,61
쉐보레,2023.01,말리부,가솔린,20
쉐보레,2023.01,타호,가솔린,13
쉐보레,2023.02,스파크,가솔린,392
쉐보레,2023.02,트레일블레이저,가솔린,380
쉐보레,2023.02,콜로라도,가솔린,98
쉐보레,2023.02,트래버스,가솔린,85
쉐보레,2023.02,이쿼녹스,가솔린,55
쉐보레,2023.02,말리부,가솔린,24
쉐보레,2023.02,타호,가솔린,20
쉐보레,2023.03,트레일블레이저,가솔린,620
쉐보레,2023.03,스파크,가솔린,410
쉐보레,2023.03,볼트 EUV,전기,179
쉐보레,2023.03,콜로라도,가솔린,178
쉐보레,2023.03,트래버스,가솔린,108
쉐보레,2023.03,이쿼녹스,가솔린,70
쉐보레,2023.03,말리부,가솔린,29
쉐보레,2023.03,타호,가솔린,24
쉐보레,2023.03,볼트 EV,전기,18
쉐보레,2023.04,트랙스 크로스오버,가솔린,"3,072"
쉐보레,2023.04,트레일블레이저,가솔린,"1,042"
쉐보레,2023.04,스파크,가솔린,307
쉐보레,2023.04,볼트 EUV,전기,283
쉐보레,2023.04,콜로라도,가솔린,184
쉐보레,2023.04,트래버스,가솔린,128
쉐보레,2023.04,이쿼녹스,가솔린,80
쉐보레,2023.04,볼트 EV,전기,53
쉐보레,2023.04,타호,가솔린,25
쉐보레,2023.04,말리부,가솔린,5
쉐보레,2023.05,트랙스 크로스오버,가솔린,"3,396"
쉐보레,2023.05,트레일블레이저,가솔린,946
쉐보레,2023.05,콜로라도,가솔린,127
쉐보레,2023.05,트래버스,가솔린,90
쉐보레,2023.05,볼트 EUV,전기,88
쉐보레,2023.05,타호,가솔린,33
쉐보레,2023.05,이쿼녹스,가솔린,15
쉐보레,2023.05,볼트 EV,전기,13
쉐보레,2023.06,트랙스 크로스오버,가솔린,"3,842"
쉐보레,2023.06,트레일블레이저,가솔린,849
쉐보레,2023.06,콜로라도,가솔린,147
쉐보레,2023.06,트래버스,가솔린,117
쉐보레,2023.06,볼트 EUV,전기,78
쉐보레,2023.06,이쿼녹스,가솔린,46
쉐보레,2023.06,볼트 EV,전기,31
쉐보레,2023.06,타호,가솔린,21
쉐보레,2023.06,단종모델 (말리부/임팔라),,
쉐보레,2023.06,말리부,가솔린,3
쉐보레,2023.06,말리부,하이브리드,2
쉐보레,2023.07,트랙스 크로스오버,가솔린,"2,807"
쉐보레,2023.07,트레일블레이저,가솔린,694
쉐보레,2023.07,볼트 EUV,전기,229
쉐보레,2023.07,콜로라도,가솔린,141
쉐보레,2023.07,트래버스,가솔린,106
쉐보레,2023.07,볼트 EV,전기,49
쉐보레,2023.07,이쿼녹스,가솔린,42
쉐보레,2023.07,타호,가솔린,14
쉐보레,2023.07,말리부,가솔린,4
쉐보레,2023.08,트랙스 크로스오버,가솔린,"2,129"
쉐보레,2023.08,트레일블레이저,가솔린,674
쉐보레,2023.08,볼트 EUV,전기,209
쉐보레,2023.08,콜로라도,가솔린,120
쉐보레,2023.08,트래버스,가솔린,63
쉐보레,2023.08,볼트 EV,전기,29
쉐보레,2023.08,이쿼녹스,가솔린,22
쉐보레,2023.08,타호,가솔린,13
쉐보레,2023.09,트랙스 크로스오버,가솔린,"1,425"
쉐보레,2023.09,트레일블레이저,가솔린,558
쉐보레,2023.09,볼트 EUV,전기,397
쉐보레,2023.09,콜로라도,가솔린,91
쉐보레,2023.09,트래버스,가솔린,58
쉐보레,2023.09,이쿼녹스,가솔린,45
쉐보레,2023.09,볼트 EV,전기,19
쉐보레,2023.09,타호,가솔린,9
쉐보레,2023.10,트랙스 크로스오버,가솔린,"3,043"
쉐보레,2023.10,트레일블레이저,가솔린,496
쉐보레,2023.10,콜로라도,가솔린,335
쉐보레,2023.10,트래버스,가솔린,199
쉐보레,2023.10,이쿼녹스,가솔린,176
쉐보레,2023.10,볼트 EUV,전기,121
쉐보레,2023.10,타호,가솔린,50
쉐보레,2023.10,볼트 EV,전기,17
쉐보레,2023.11,트랙스 크로스오버,가솔린,"2,306"
쉐보레,2023.11,트레일블레이저,가솔린,425
쉐보레,2023.11,콜로라도,가솔린,98
쉐보레,2023.11,트래버스,가솔린,81
쉐보레,2023.11,볼트 EUV,전기,32
쉐보레,2023.11,볼트 EV,전기,19
쉐보레,2023.11,이쿼녹스,가솔린,18
쉐보레,2023.11,타호,가솔린,14
쉐보레,2023.12,트랙스 크로스오버,가솔린,"1,637"
쉐보레,2023.12,트레일블레이저,가솔린,407
쉐보레,2023.12,트래버스,가솔린,47
쉐보레,2023.12,콜로라도,가솔린,37
쉐보레,2023.12,이쿼녹스,가솔린,26
쉐보레,2023.12,말리부,하이브리드,15
쉐보레,2023.12,타호,가솔린,13
쉐보레,2023.12,볼트 EUV,전기,12
쉐보레,2024.01,트랙스 크로스오버,가솔린,"2,246"
쉐보레,2024.01,트레일블레이저,가솔린,461
쉐보레,2024.01,트래버스,가솔린,119
쉐보레,2024.01,콜로라도,가솔린,38
쉐보레,2024.01,타호,가솔린,7
쉐보레,2024.01,이쿼녹스,가솔린,5
쉐보레,2024.01,볼트 EUV,전기,2
쉐보레,2024.01,말리부,가솔린,1
쉐보레,2024.01,스파크,가솔린,1
쉐보레,2024.02,트랙스 크로스오버,가솔린,"1,447"
쉐보레,2024.02,트레일블레이저,가솔린,367
쉐보레,2024.02,트래버스,가솔린,117
쉐보레,2024.02,콜로라도,가솔린,11
쉐보레,2024.02,타호,가솔린,7
쉐보레,2024.02,이쿼녹스,가솔린,5
쉐보레,2024.02,볼트 EV,전기,5
쉐보레,2024.02,볼트 EUV,전기,3
쉐보레,2024.02,말리부,가솔린,1
쉐보레,2024.03,트랙스 크로스오버,가솔린,"1,485"
쉐보레,2024.03,트레일블레이저,가솔린,416
쉐보레,2024.03,트래버스,가솔린,78
쉐보레,2024.03,콜로라도,가솔린,17
쉐보레,2024.03,타호,가솔린,5
쉐보레,2024.03,이쿼녹스,가솔린,2
쉐보레,2024.04,트랙스 크로스오버,가솔린,"1,737"
쉐보레,2024.04,트레일블레이저,가솔린,459
쉐보레,2024.04,트래버스,가솔린,51
쉐보레,2024.04,타호,가솔린,13
쉐보레,2024.04,콜로라도,가솔린,5
쉐보레,2024.05,트랙스 크로스오버,가솔린,"1,841"
쉐보레,2024.05,트레일블레이저,가솔린,368
쉐보레,2024.05,트래버스,가솔린,94
쉐보레,2024.05,타호,가솔린,13
쉐보레,2024.05,이쿼녹스,가솔린,1
쉐보레,2024.06,트랙스 크로스오버,가솔린,"1,463"
쉐보레,2024.06,트레일블레이저,가솔린,331
쉐보레,2024.06,트래버스,가솔린,62
쉐보레,2024.06,타호,가솔린,12
쉐보레,2024.06,콜로라도,가솔린,2
쉐보레,2024.06,볼트 EUV,전기,1
쉐보레,2024.07,트랙스 크로스오버,가솔린,"1,606"
쉐보레,2024.07,트레일블레이저,가솔린,350
쉐보레,2024.07,트래버스,가솔린,106
쉐보레,2024.07,콜로라도,가솔린,65
쉐보레,2024.07,타호,가솔린,16
쉐보레,2024.07,볼트 EUV,전기,14
쉐보레,2024.07,볼트 EV,전기,6
쉐보레,2024.07,말리부,가솔린,1
쉐보레,2024.08,트랙스 크로스오버,가솔린,"1,145"
쉐보레,2024.08,트레일블레이저,가솔린,264
쉐보레,2024.08,콜로라도,가솔린,85
쉐보레,2024.08,트래버스,가솔린,84
쉐보레,2024.08,타호,가솔린,9
쉐보레,2024.09,트랙스 크로스오버,가솔린,"1,444"
쉐보레,2024.09,트레일블레이저,가솔린,324
쉐보레,2024.09,트래버스,가솔린,84
쉐보레,2024.09,콜로라도,가솔린,68
쉐보레,2024.09,타호,가솔린,6
쉐보레,2024.09,볼트 EV,전기,1
쉐보레,2024.10,트랙스 크로스오버,가솔린,"1,516"
쉐보레,2024.10,트레일블레이저,가솔린,306
쉐보레,2024.10,트래버스,가솔린,83
쉐보레,2024.10,콜로라도,가솔린,27
쉐보레,2024.10,타호,가솔린,14
쉐보레,2024.10,볼트 EUV,전기,2
쉐보레,2024.10,볼트 EV,전기,1
쉐보레,2024.11,트랙스 크로스오버,가솔린,"1,398"
쉐보레,2024.11,트레일블레이저,가솔린,302
쉐보레,2024.11,트래버스,가솔린,45
쉐보레,2024.11,콜로라도,가솔린,28
쉐보레,2024.11,타호,가솔린,23
쉐보레,2024.12,트랙스 크로스오버,,
쉐보레,2024.12,트레일블레이저,,
쉐보레,2024.12,트래버스,,
쉐보레,2024.12,콜로라도,,
쉐보레,2024.12,타호,,
KGM,2023.01,토레스,가솔린,"5,444"
KGM,2023.01,렉스턴 스포츠,디젤,387
KGM,2023.01,렉스턴 스포츠 칸,디젤,311
KGM,2023.01,코란도,가솔린,212
KGM,2023.01,코란도,디젤,5
KGM,2023.01,렉스턴,디젤,139
KGM,2023.01,티볼리 에어,가솔린,111
KGM,2023.02,토레스,가솔린,"4,813"
KGM,2023.02,렉스턴 스포츠,디젤,756
KGM,2023.02,렉스턴 스포츠 칸,디젤,534
KGM,2023.02,렉스턴,디젤,263
KGM,2023.02,티볼리 에어,가솔린,144
KGM,2023.02,코란도,가솔린,78
KGM,2023.02,코란도,디젤,1
KGM,2023.03,토레스,가솔린,"6,595"
KGM,2023.03,렉스턴 스포츠,디젤,790
KGM,2023.03,렉스턴 스포츠 칸,디젤,707
KGM,2023.03,렉스턴,디젤,289
KGM,2023.03,코란도,가솔린,137
KGM,2023.03,코란도,디젤,10
KGM,2023.03,티볼리 에어,가솔린,118
KGM,2023.04,토레스,가솔린,"3,553"
KGM,2023.04,렉스턴 스포츠,디젤,692
KGM,2023.04,렉스턴 스포츠 칸,디젤,666
KGM,2023.04,렉스턴,디젤,259
KGM,2023.04,코란도,가솔린,115
KGM,2023.04,코란도,디젤,1
KGM,2023.04,티볼리 에어,가솔린,77
KGM,2023.05,토레스,가솔린,"2,463"
KGM,2023.05,렉스턴 스포츠,디젤,740
KGM,2023.05,렉스턴 스포츠 칸,디젤,682
KGM,2023.05,렉스턴 뉴 아레나,디젤,379
KGM,2023.05,코란도,가솔린,168
KGM,2023.05,티볼리 에어,가솔린,97
KGM,2023.06,토레스,가솔린,"2,907"
KGM,2023.06,렉스턴 스포츠,디젤,797
KGM,2023.06,렉스턴 스포츠 칸,디젤,738
KGM,2023.06,티볼리,가솔린,671
KGM,2023.06,렉스턴 뉴 아레나,디젤,337
KGM,2023.06,티볼리 에어,가솔린,174
KGM,2023.06,코란도,가솔린,18
KGM,2023.06,코란도,디젤,116
KGM,2023.07,토레스,가솔린,"1,443"
KGM,2023.07,렉스턴 스포츠,디젤,868
KGM,2023.07,티볼리,가솔린,736
KGM,2023.07,렉스턴 스포츠 칸,디젤,591
KGM,2023.07,렉스턴 뉴 아레나,디젤,226
KGM,2023.07,코란도,가솔린,100
KGM,2023.07,티볼리 에어,가솔린,79
KGM,2023.08,토레스,가솔린,"1,592"
KGM,2023.08,렉스턴 스포츠,디젤,734
KGM,2023.08,렉스턴 스포츠 칸,디젤,576
KGM,2023.08,티볼리,가솔린,548
KGM,2023.08,렉스턴 뉴 아레나,디젤,242
KGM,2023.08,코란도,가솔린,120
KGM,2023.08,티볼리 에어,가솔린,91
KGM,2023.09,토레스,가솔린,"1,584"
KGM,2023.09,렉스턴 스포츠,디젤,872
KGM,2023.09,티볼리,가솔린,744
KGM,2023.09,렉스턴 스포츠 칸,디젤,586
KGM,2023.09,렉스턴 뉴 아레나,디젤,197
KGM,2023.09,코란도,가솔린,86
KGM,2023.10,토레스,가솔린,"1,628"
KGM,2023.10,렉스턴 스포츠,디젤,840
KGM,2023.10,티볼리,가솔린,511
KGM,2023.10,렉스턴 스포츠 칸,디젤,480
KGM,2023.10,렉스턴 뉴 아레나,디젤,144
KGM,2023.10,코란도,가솔린,87
KGM,2023.10,티볼리 에어,가솔린,66
KGM,2023.10,토레스 EVX,전기,48
KGM,2023.11,토레스 EVX,전기,"1,667"
KGM,2023.11,토레스,가솔린,"1,546"
KGM,2023.11,렉스턴 스포츠,디젤,557
KGM,2023.11,티볼리,가솔린,480
KGM,2023.11,렉스턴 스포츠 칸,디젤,437
KGM,2023.11,렉스턴 뉴 아레나,디젤,170
KGM,2023.11,코란도,가솔린,98
KGM,2023.11,티볼리 에어,가솔린,95
KGM,2023.12,토레스,가솔린,"1,383"
KGM,2023.12,렉스턴 스포츠,디젤,550
KGM,2023.12,렉스턴 스포츠 칸,디젤,458
KGM,2023.12,티볼리,가솔린,416
KGM,2023.12,토레스 EVX,전기,398
KGM,2023.12,렉스턴 뉴 아레나,디젤,149
KGM,2023.12,코란도,가솔린,103
KGM,2023.12,티볼리 에어,가솔린,50
KGM,2024.01,토레스,가솔린,"1,462"
KGM,2024.01,렉스턴 스포츠,디젤,724
KGM,2024.01,렉스턴 스포츠 칸,디젤,638
KGM,2024.01,티볼리,가솔린,566
KGM,2024.01,렉스턴 뉴 아레나,디젤,180
KGM,2024.01,코란도,가솔린,104
KGM,2024.01,티볼리 에어,가솔린,61
KGM,2024.01,토레스 EVX,전기,27
KGM,2024.02,토레스,가솔린,"1,540"
KGM,2024.02,렉스턴 스포츠,디젤,550
KGM,2024.02,티볼리,가솔린,498
KGM,2024.02,렉스턴 스포츠 칸,디젤,444
KGM,2024.02,토레스 EVX,전기,400
KGM,2024.02,렉스턴 뉴 아레나,디젤,175
KGM,2024.02,코란도,가솔린,88
KGM,2024.02,티볼리 에어,가솔린,53
KGM,2024.03,토레스 EVX,전기,"1,443"
KGM,2024.03,토레스,가솔린,"1,366"
KGM,2024.03,렉스턴 스포츠,디젤,555
KGM,2024.03,티볼리,가솔린,539
KGM,2024.03,렉스턴 스포츠 칸,디젤,460
KGM,2024.03,렉스턴 뉴 아레나,디젤,175
KGM,2024.03,코란도,가솔린,118
KGM,2024.03,티볼리 에어,가솔린,46
KGM,2024.04,토레스,가솔린,"1,148"
KGM,2024.04,토레스 EVX,전기,767
KGM,2024.04,렉스턴 스포츠,디젤,530
KGM,2024.04,티볼리,가솔린,490
KGM,2024.04,렉스턴 스포츠 칸,디젤,413
KGM,2024.04,렉스턴 뉴 아레나,디젤,174
KGM,2024.04,코란도,가솔린,99
KGM,2024.04,티볼리 에어,가솔린,42
KGM,2024.05,더 뉴 토레스,가솔린,"1,552"
KGM,2024.05,토레스 EVX,전기,688
KGM,2024.05,렉스턴 스포츠,디젤,534
KGM,2024.05,렉스턴 스포츠 칸,디젤,440
KGM,2024.05,티볼리,가솔린,424
KGM,2024.05,렉스턴 뉴 아레나,디젤,220
KGM,2024.05,코란도,가솔린,89
KGM,2024.05,티볼리 에어,가솔린,54
KGM,2024.06,더 뉴 토레스,가솔린,"1,424"
KGM,2024.06,렉스턴 스포츠,디젤,627
KGM,2024.06,티볼리,가솔린,598
KGM,2024.06,토레스 EVX,전기,567
KGM,2024.06,렉스턴 스포츠 칸,디젤,515
KGM,2024.06,렉스턴 뉴 아레나,디젤,148
KGM,2024.06,코란도,가솔린,123
KGM,2024.06,티볼리 에어,가솔린,85
KGM,2024.06,코란도 EV,전기,15
KGM,2024.07,더 뉴 토레스,가솔린,"1,310"
KGM,2024.07,토레스 EVX,전기,778
KGM,2024.07,렉스턴 스포츠,디젤,704
KGM,2024.07,티볼리,가솔린,562
KGM,2024.07,렉스턴 스포츠 칸,디젤,489
KGM,2024.07,렉스턴 뉴 아레나,디젤,195
KGM,2024.07,코란도,가솔린,106
KGM,2024.07,티볼리 에어,가솔린,87
KGM,2024.07,코란도 EV,전기,6
KGM,2024.08,더 뉴 토레스,가솔린,915
KGM,2024.08,액티언,가솔린,780
KGM,2024.08,렉스턴 스포츠,디젤,533
KGM,2024.08,렉스턴 스포츠 칸,디젤,516
KGM,2024.08,티볼리,가솔린,488
KGM,2024.08,토레스 EVX,전기,377
KGM,2024.08,렉스턴 뉴 아레나,디젤,166
KGM,2024.08,티볼리 에어,가솔린,85
KGM,2024.08,코란도,가솔린,82
KGM,2024.08,코란도 EV,전기,1
KGM,2024.09,액티언,가솔린,"1,686"
KGM,2024.09,렉스턴 스포츠,디젤,758
KGM,2024.09,더 뉴 토레스,가솔린,632
KGM,2024.09,렉스턴 스포츠 칸,디젤,467
KGM,2024.09,티볼리,가솔린,451
KGM,2024.09,토레스 EVX,전기,287
KGM,2024.09,렉스턴 뉴 아레나,디젤,137
KGM,2024.09,티볼리 에어,가솔린,64
KGM,2024.09,코란도,가솔린,50
KGM,2024.09,코란도 EV,전기,3
KGM,2024.10,액티언,가솔린,"1,482"
KGM,2024.10,더 뉴 토레스,가솔린,724
KGM,2024.10,렉스턴 스포츠,디젤,691
KGM,2024.10,티볼리,가솔린,590
KGM,2024.10,렉스턴 스포츠 칸,디젤,409
KGM,2024.10,토레스 EVX,전기,347
KGM,2024.10,렉스턴 뉴 아레나,디젤,132
KGM,2024.10,코란도,가솔린,82
KGM,2024.10,티볼리 에어,가솔린,42
KGM,2024.10,코란도 EV,전기,5
KGM,2024.11,액티언,가솔린,693
KGM,2024.11,더 뉴 토레스,가솔린,644
KGM,2024.11,렉스턴 스포츠,디젤,616
KGM,2024.11,티볼리,가솔린,529
KGM,2024.11,토레스 EVX,전기,332
KGM,2024.11,렉스턴 스포츠 칸,디젤,310
KGM,2024.11,렉스턴 뉴 아레나,디젤,112
KGM,2024.11,코란도,가솔린,69
KGM,2024.11,코란도 EV,전기,3
KGM,2024.11,티볼리 에어,가솔린,1
KGM,2024.12,렉스턴 스포츠,,
KGM,2024.12,티볼리,,
KGM,2024.12,더 뉴 토레스,,
KGM,2024.12,액티언,,
KGM,2024.12,렉스턴 스포츠 칸,,
KGM,2024.12,렉스턴 뉴 아레나,,
KGM,2024.12,토레스 EVX,,
KGM,2024.12,코란도,,
KGM,2024.12,코란도 EV,,
르노코리아,2023.01,XM3,가솔린,659
르노코리아,2023.01,XM3,하이브리드,360
르노코리아,2023.01,QM6,가솔린,304
르노코리아,2023.01,QM6,LPG,573
르노코리아,2023.01,SM6,가솔린,149
르노코리아,2023.01,SM6,LPG,71
르노코리아,2023.02,XM3,가솔린,755
르노코리아,2023.02,XM3,하이브리드,222
르노코리아,2023.02,QM6,가솔린,306
르노코리아,2023.02,QM6,LPG,632
르노코리아,2023.02,SM6,가솔린,157
르노코리아,2023.02,SM6,LPG,84
르노코리아,2023.02,마스터,디젤,62
르노코리아,2023.03,QM6,가솔린,371
르노코리아,2023.03,QM6,LPG,"1,036"
르노코리아,2023.03,XM3,가솔린,803
르노코리아,2023.03,XM3,하이브리드,161
르노코리아,2023.03,SM6,가솔린,166
르노코리아,2023.03,SM6,LPG,97
르노코리아,2023.03,QM6,디젤,2
르노코리아,2023.04,QM6,가솔린,318
르노코리아,2023.04,QM6,LPG,674
르노코리아,2023.04,XM3,가솔린,531
르노코리아,2023.04,XM3,하이브리드,81
르노코리아,2023.04,SM6,가솔린,127
르노코리아,2023.04,SM6,LPG,68
르노코리아,2023.04,QM6,디젤,2
르노코리아,2023.05,QM6,가솔린,309
르노코리아,2023.05,QM6,LPG,518
르노코리아,2023.05,XM3,가솔린,653
르노코리아,2023.05,XM3,하이브리드,124
르노코리아,2023.05,SM6,가솔린,124
르노코리아,2023.05,SM6,LPG,50
르노코리아,2023.06,QM6,가솔린,240
르노코리아,2023.06,QM6,LPG,688
르노코리아,2023.06,XM3,가솔린,544
르노코리아,2023.06,XM3,하이브리드,96
르노코리아,2023.06,SM6,가솔린,102
르노코리아,2023.06,SM6,LPG,51
르노코리아,2023.07,QM6,가솔린,202
르노코리아,2023.07,QM6,LPG,590
르노코리아,2023.07,XM3,가솔린,614
르노코리아,2023.07,XM3,하이브리드,90
르노코리아,2023.07,SM6,가솔린,78
르노코리아,2023.07,SM6,LPG,125
르노코리아,2023.07,마스터,디젤,6
르노코리아,2023.08,QM6,가솔린,132
르노코리아,2023.08,QM6,LPG,553
르노코리아,2023.08,XM3,가솔린,554
르노코리아,2023.08,XM3,하이브리드,75
르노코리아,2023.08,SM6,가솔린,106
르노코리아,2023.08,SM6,LPG,82
르노코리아,2023.09,QM6,가솔린,182
르노코리아,2023.09,QM6,LPG,657
르노코리아,2023.09,XM3,가솔린,587
르노코리아,2023.09,XM3,하이브리드,88
르노코리아,2023.09,SM6,가솔린,75
르노코리아,2023.09,SM6,LPG,62
르노코리아,2023.10,QM6,가솔린,195
르노코리아,2023.10,QM6,LPG,592
르노코리아,2023.10,XM3,가솔린,439
르노코리아,2023.10,XM3,하이브리드,79
르노코리아,2023.10,SM6,가솔린,76
르노코리아,2023.10,SM6,LPG,70
르노코리아,2023.11,QM6,가솔린,362
르노코리아,2023.11,QM6,LPG,672
르노코리아,2023.11,XM3,가솔린,617
르노코리아,2023.11,XM3,하이브리드,77
르노코리아,2023.11,SM6,가솔린,82
르노코리아,2023.11,SM6,LPG,65
르노코리아,2023.12,QM6,가솔린,159
르노코리아,2023.12,QM6,LPG,597
르노코리아,2023.12,XM3,가솔린,661
르노코리아,2023.12,XM3,하이브리드,45
르노코리아,2023.12,SM6,가솔린,70
르노코리아,2023.12,SM6,LPG,62
르노코리아,2024.01,XM3,가솔린,408
르노코리아,2024.01,XM3,하이브리드,566
르노코리아,2024.01,QM6,가솔린,121
르노코리아,2024.01,QM6,LPG,456
르노코리아,2024.01,SM6,가솔린,46
르노코리아,2024.01,SM6,LPG,48
르노코리아,2024.02,XM3,가솔린,325
르노코리아,2024.02,XM3,하이브리드,580
르노코리아,2024.02,QM6,가솔린,166
르노코리아,2024.02,QM6,LPG,637
르노코리아,2024.02,SM6,가솔린,52
르노코리아,2024.02,SM6,LPG,47
르노코리아,2024.03,XM3,가솔린,442
르노코리아,2024.03,XM3,하이브리드,616
르노코리아,2024.03,QM6,가솔린,133
르노코리아,2024.03,QM6,LPG,727
르노코리아,2024.03,SM6,가솔린,42
르노코리아,2024.03,SM6,LPG,79
르노코리아,2024.04,아르카나,가솔린,453
르노코리아,2024.04,아르카나,하이브리드,509
르노코리아,2024.04,QM6,가솔린,158
르노코리아,2024.04,QM6,LPG,573
르노코리아,2024.04,SM6,가솔린,38
르노코리아,2024.04,SM6,LPG,49
르노코리아,2024.05,아르카나,가솔린,377
르노코리아,2024.05,아르카나,하이브리드,568
르노코리아,2024.05,QM6,가솔린,172
르노코리아,2024.05,QM6,LPG,588
르노코리아,2024.05,마스터,디젤,151
르노코리아,2024.05,SM6,가솔린,17
르노코리아,2024.05,SM6,LPG,28
르노코리아,2024.06,아르카나,가솔린,321
르노코리아,2024.06,아르카나,하이브리드,829
르노코리아,2024.06,QM6,가솔린,163
르노코리아,2024.06,QM6,LPG,645
르노코리아,2024.06,SM6,가솔린,29
르노코리아,2024.06,SM6,LPG,14
르노코리아,2024.06,마스터,디젤,40
르노코리아,2024.07,QM6,가솔린,115
르노코리아,2024.07,QM6,LPG,623
르노코리아,2024.07,아르카나,가솔린,352
르노코리아,2024.07,아르카나,하이브리드,328
르노코리아,2024.07,SM6,가솔린,16
르노코리아,2024.07,SM6,LPG,15
르노코리아,2024.07,마스터,디젤,20
르노코리아,2024.08,QM6,가솔린,139
르노코리아,2024.08,QM6,LPG,533
르노코리아,2024.08,아르카나,가솔린,283
르노코리아,2024.08,아르카나,하이브리드,296
르노코리아,2024.08,그랑 콜레오스,하이브리드,45
르노코리아,2024.08,SM6,가솔린,24
르노코리아,2024.08,SM6,LPG,10
르노코리아,2024.08,마스터,디젤,20
르노코리아,2024.09,그랑 콜레오스,하이브리드,"3,900"
르노코리아,2024.09,아르카나,가솔린,229
르노코리아,2024.09,아르카나,하이브리드,350
르노코리아,2024.09,QM6,가솔린,112
르노코리아,2024.09,QM6,LPG,356
르노코리아,2024.09,SM6,가솔린,20
르노코리아,2024.09,SM6,LPG,13
르노코리아,2024.09,마스터,디젤,30
르노코리아,2024.10,그랑 콜레오스,가솔린,89
르노코리아,2024.10,그랑 콜레오스,하이브리드,"5,296"
르노코리아,2024.10,QM6,가솔린,123
르노코리아,2024.10,QM6,LPG,459
르노코리아,2024.10,아르카나,가솔린,174
르노코리아,2024.10,아르카나,하이브리드,172
르노코리아,2024.10,SM6,가솔린,16
르노코리아,2024.10,SM6,LPG,32
르노코리아,2024.10,마스터,디젤,34
르노코리아,2024.11,그랑 콜레오스,가솔린,500
르노코리아,2024.11,그랑 콜레오스,하이브리드,"6,082"
르노코리아,2024.11,QM6,가솔린,97
르노코리아,2024.11,QM6,LPG,253
르노코리아,2024.11,아르카나,가솔린,156
르노코리아,2024.11,아르카나,하이브리드,153
르노코리아,2024.11,SM6,가솔린,20
르노코리아,2024.11,SM6,LPG,19
르노코리아,2024.11,마스터,디젤,21
르노코리아,2024.12,그랑 콜레오스,,
르노코리아,2024.12,QM6,,
르노코리아,2024.12,아르카나,,
르노코리아,2024.12,SM6,,
르노코리아,2024.12,마스터,,
